Brexit,2529
UK relations with EU,1887
Trade agreements,1685
Northern Ireland,1048
Children,913
Devolution,808
EU nationals,789
EU law,749
Scotland,682
Safety,662
Asylum,660
Refugees,654
Parliamentary scrutiny,560
Wales,529
Immigration,511
China,504
Education,490
Capital investment,487
Reform,459
Families,448
USA,439
Climate change,415
Mental health services,415
NHS,412
Training,408
Agriculture,398
Infrastructure,398
Sovereignty,388
Armed forces,380
Social services,373
Republic of Ireland,363
Huawei,355
Employment,349
Higher education,345
Railways,339
Police,335
Recruitment,327
Regulation,325
Iran,321
Nurses,301
Internet,297
Erasmus+ programme,290
Environment protection,287
Disclosure of information,285
Aviation,284
Conditions of employment,284
Foreign relations,283
Subsidies,283
British nationals abroad,279
Henry VIII clauses,276
Local government,274
Costs,273
Drugs,263
Unmanned air vehicles,262
Disease control,262
Payments,256
Switzerland,254
European Free Trade Association,254
European economic area,252
Debts,251
High rise flats,251
Coronavirus,250
Accident and emergency departments,249
Courts,249
Monitoring,246
Screening,246
Health services,243
Judgements,243
Deportation,241
Delegated legislation,238
Foreign policy,236
Departmental responsibilities,235
Hospitals,234
Common agricultural policy,232
General practitioners,228
Leasehold,227
Crimes of violence,224
Powers,223
National security,221
5G,221
Equality,216
Legislative consent motions,215
Telecoms Supply Chain Review,215
Iraq,211
Death,210
Documents,210
Deployment,209
Immigration rules,207
Life expectancy,206
Criminal investigation,205
Construction,204
Broadband,203
Trade,203
Prosecutions,199
Fires,198
Housing,198
Northern Ireland government,197
Waiting lists,196
Northern Ireland Assembly,191
Enforcement,191
Developing countries,189
Quarantine,189
Females,188
Foreign students,188
Victims,185
Insulation,182
Cybercrime,181
European Union,181
Human rights,181
Carbon emissions,180
Reciprocal arrangements,180
Telecommunications,180
Public transport,177
Ministerial powers,176
Compensation,175
Import duties,174
Productivity,174
Independent monitoring boards,174
Repairs and maintenance,171
Qualifications,170
Terrorism,170
Public appointments,169
Prime Minister,168
Borders,168
Fire extinguishers,168
Treaties,168
Misuse,167
Sexual offences,167
Official engagements,166
Belfast Agreement,163
Security,163
Sanctions,162
Commonwealth,160
Government assistance,160
Overseas aid,160
Schools,159
Standardisation,159
Licensing,158
Devolved matters,155
Homelessness,155
Iron and steel,154
"Soleimani, Qassem",154
Competition,151
Palestinians,151
Israel,150
Renewable energy,149
Codes of practice,148
Public expenditure,148
Disadvantaged,147
Location,145
Arrests,144
Civil servants,144
Fire prevention,144
World Trade Organisation,143
Food,143
Jurisdiction,143
Fossil fuels,142
Nuclear fuels,140
Pensions,140
Western Sahara,139
Arbitration,138
Diplomatic service,138
Trade promotion,138
UK Export Finance,137
Corruption,137
Grenfell Tower Inquiry,136
Negotiations,134
Young people,134
Armed conflict,133
Housing benefit,133
Non-domestic rates,133
Environment,132
Merchant shipping,132
Affordable housing,131
Sleeping rough,131
Proof of identity,130
Radicalism,130
Local housing allowance,129
Administration of justice,129
Business,129
Social rented housing,129
Temporary accommodation,129
Appeals,128
Further education,128
Trespass,128
Building regulations,124
Department for International Development,124
Exhaust emissions,124
Intelligence services,124
European Court of Justice,123
Reviews,122
International cooperation,120
Public consultation,120
"Constitution, Democracy and Rights Commission",119
Veterans,118
Overseas trade,118
National Cyber Security Centre,117
Crime,116
Free movement of people,116
Membership,116
Peace negotiations,116
Sentencing,114
Londonderry,113
National Assembly for Wales,113
Farmers,113
Fisheries,112
Defence,110
Land use,110
Transport,108
Biodiversity,107
Armed forces covenant,107
Waste,106
Economic situation,105
Insolvency,105
Nuclear power,105
Recycling,105
Antisemitism,103
Domestic abuse,102
Holocaust Memorial Day,100
Offenders,100
Planning permission,99
Grants,97
Staff,97
Pay,97
Economic policy,95
Fees and charges,95
Demonstrations,94
Disaster relief,94
Nuclear weapons,94
Offences against children,93
Prisoners,93
Football,91
Applications,91
Free trade,91
Greenhouse gas emissions,90
Closures,90
Immigration controls,90
Research,90
Animal welfare,89
Grenfell Tower,89
Supreme Court,88
Flybe,87
Extradition,87
Public finance,87
Strikes,87
Cost effectiveness,86
Exports,86
Religious freedom,86
Shipping,86
EU institutions,85
Criminal proceedings,85
London Fire and Emergency Planning Authority,84
"Mehra, Benita",84
North of England,83
Air routes,83
Freight,83
High Speed 2 railway line,83
EURATOM,82
Counter-terrorism,82
Marriage,81
Regional airports,81
Broadcasting,80
Homicide,80
Ports,80
Divorce,79
Driving,79
Languages,79
Large goods vehicles,79
Small businesses,79
British constitution,78
European Chemicals Agency,78
Children in care,78
Overcrowding,77
Australia,76
Age,76
Royal commissions,76
Human remains,75
Football Association,75
Betting,75
Community orders,75
Espionage,75
Health professions,75
Medicine,75
Private sector,75
Conflict of laws,74
Fixed-term parliaments,74
Parole,74
International Management Group,73
Tourism,73
"Ministry of Housing, Communities and Local Government",73
Bet365,73
Northern Ireland Executive,72
Fire and rescue services,72
Prisoners' release,72
Reoffenders,72
Extinction Rebellion,72
Biometrics,71
Elections,71
Prison sentences,71
Pupils,71
Crime prevention,70
Inspections,70
Wildlife,70
Legislation,68
Knives,67
Privacy,67
Suicide,66
Rape,65
Apprentices,64
CCTV,64
Insurance,64
Palliative care,64
Sewel motions,64
Dispute resolution,64
Buildings,62
Detection rates,62
Euthanasia,62
Guided weapons,62
Land,62
Political parties,62
Politics and government,62
Pollution control,62
Retail trade,62
Special educational needs,62
Gangs,62
France,61
Community policing,61
Police community support officers,61
Speed limits,61
Midlands,60
Trains,60
Germany,59
Economic Affairs Select Committee (HL),59
Hybrid bills,59
Learning disability,59
Pension rights,59
International Atomic Energy Agency,58
Court orders,58
Travellers,58
Old Oak Common Station,57
Risk assessment,57
European External Action Service,57
Cost benefit analysis,57
Property development,57
Taxation,57
Universities,57
Urban areas,57
Euston Station,57
House of Lords,56
Fiscal policy,56
Caravan sites,54
Legal aid scheme,54
Civil partnerships,53
Excise duties,52
Health and Safety Executive,51
South Yorkshire,50
Air pollution,50
Conservation,50
Protection,50
Carers,49
Peers,49
Registration,49
Roads,49
Sales,49
Tax avoidance,49
Universal credit,49
EU countries,48
Complaints,48
Visas,48
Abortion,47
Admissions,47
Fraud,47
Retirement,47
State retirement pensions,46
Referendums,45
Motorhomes,45
Scottish Government,44
Local government finance,44
"Integrated Security, Defence and Foreign Policy Review",44
Accountability,43
Music,43
Waste disposal,43
Waste management,43
Criminal law,42
Electric vehicles,42
Incinerators,42
Innovation,42
Students,42
Sustainable development,42
EU action,41
Prices,41
Television,41
Syria,40
Ministry of Justice,40
Income tax,40
Landfill,40
Manufacturing industries,40
Uprating,40
Anniversaries,39
Copyright,39
Data protection,39
Floods,39
Alcoholic drinks,38
Licensed premises,38
Self-employed,38
Combined heat and power,37
Entertainers,37
Family law,37
Flood control,37
Probation,37
Procurement,37
Occupational money purchase schemes,36
UK trade with EU,36
Consumer information,36
Economic growth,36
Free school meals,36
Afghanistan,35
Pensions Regulator,35
Bus services,35
Eligibility,35
Facilities,35
Fines,35
Regeneration,35
War crimes,35
LGBT people,35
Commission on Justice in Wales,35
Hong Kong,34
Joint Ministerial Committee,34
Pension Protection Fund,34
Revenue and Customs,34
Accidents,34
Multiple occupation,34
Shared housing,34
Africa,33
Building alterations,33
Regional planning and development,33
Social security,33
Special forces,33
Home Office,32
EU grants and loans,32
NATO,32
Parking,32
Care homes,31
Food supply,31
Motorways,31
Social security benefits,31
Hospital beds,30
Pre-school education,30
Pupil premium,30
Cumbernauld,29
Stamp duty land tax,29
Parliament,29
Airports,29
Arts,29
Disability,29
National insurance,29
Nutrition,29
Racial discrimination,29
Skilled workers,29
Technology,29
Vocational education,29
Voluntary work,29
Kingston upon Hull,28
EU external relations,28
Contracts,28
Festivals and special occasions,28
Health,28
International organisations,28
"Registration of births, deaths, marriages and civil partnerships",28
Breakfast clubs,28
Herefordshire,27
Russia,27
United Nations,27
Arms trade,27
Audit,27
Candidates,27
Criminal records,27
Diplomatic relations,27
Donors,27
Maternity services,27
Public sector,27
Rehabilitation,27
Safety measures,27
Work experience,26
Artificial intelligence,26
Digital technology,26
Hazards,26
In vitro fertilisation,26
Organised crime,26
Private education,26
Select committees,26
Oxford-Hereford railway line,26
Flood Re,26
Bovine tuberculosis,25
Conflict prevention,25
Robotics,25
International law,25
Noise,25
Bellwin scheme,25
Advanced Manufacturing Research Centre,25
Fracking,25
Hate crime,25
Climate Change Convention,24
Greater London,24
India,24
Libya,24
VAT,24
Civil Aviation Authority,24
Air space,24
Air traffic control,24
Consumers,24
Convictions,24
Departmental coordination,24
Health hazards,24
Helicopters,24
Injuries,24
Low incomes,24
Oaths and affirmations,24
Patients,24
Police national computer,23
Staffordshire,23
Cultural relations,23
Day care,23
Ethics,23
Fishing catches,23
Hereditary diseases,23
Reserve forces,23
Right of search,23
Social mobility,23
Teachers,23
Seized articles,23
Social Mobility Commission,23
Whisky,22
Charity Commission,22
Reserve Forces and Cadets Association,22
Cadets,22
Coastal areas,22
Electromagnetic fields,22
Genetics,22
Married people,22
Midwives,22
Travel information,22
Local growth deals,22
Horizon 2020,22
Department of Health and Social Care,22
UK Shared Prosperity Fund,22
Royal charters,21
Shrewsbury and Telford Hospital NHS Trust,21
Advertising,21
Common fisheries policy,21
Companies,21
Energy,21
Ethnic groups,21
Forestry,21
Genetic engineering,21
Genetically modified organisms,21
Heterosexuality,21
Life peers,21
Local government services,21
Older people,21
Rolling stock,21
Vetting,21
Speaker,21
Office for Environmental Protection,21
Council of Reserve Forces and Cadets Associations,21
Lebanon,20
United Kingdom,20
Abuse,20
Campaigns,20
Concessions,20
Genocide,20
Government departments,20
Homosexuality,20
Maternal mortality,20
Plastics,20
Public footpaths,20
Repatriation,20
Rural areas,20
Sports,20
War pensions,20
Rare diseases,20
Hammersmith bridge,19
Gaza,19
Kent,19
Shropshire Council,19
Adoption,19
Civil service,19
Financial services,19
Fish,19
Fishing vessels,19
Neonatal mortality,19
Proscribed organisations,19
Quotas,19
Voucher schemes,19
SPAC Nation,19
Antarctic,18
Antarctic Treaty,18
British Antarctic Territory,18
Sudan,18
House of Commons,18
European Union Select Committee (HL),18
Access,18
Banks,18
Council housing,18
Electoral register,18
Investment,18
Livestock,18
Members,18
Ministers,18
Occupational pensions,18
Prison accommodation,18
Road traffic control,18
Surrogate motherhood,18
Tenants,18
Stepping Hill Hospital,17
British Antarctic Survey,17
Saudi Arabia,17
Stockport NHS Foundation Trust,17
Absent voting,17
Human trafficking,17
Loans,17
Natural resources,17
Personation,17
Valuation,17
War widows,17
Iranian Revolutionary Guard Corps,17
South Sudan,17
Living wage,17
BBC,16
Electronic cigarettes,16
Kashmir,16
Hamas,16
Hezbollah,16
UN Committee on the Elimination of Discrimination against Women,16
Cameras,16
Crops,16
Defence equipment,16
Eating disorders,16
Fares,16
Farms,16
Federalism,16
Journalism,16
Maladministration,16
Opening of Parliament,16
Per capita costs,16
Production,16
Surgery,16
Victim support schemes,16
Yemen,16
National Holocaust Memorial Centre and Learning Service,16
"Nightingale, Florence",16
Channel tunnel railway line,15
Cyprus,15
Department for Transport,15
Department for Work and Pensions,15
Southeastern,15
Rural Payments Agency,15
Children's rights,15
Family planning,15
Fishing gear,15
Health education,15
Medical records,15
Poverty,15
Prisons,15
Sepsis,15
Department for Exiting the European Union,15
South Eastern rail franchise,15
Trauma,14
Burma,14
Chinook helicopters,14
City of Westminster,14
D-Day landings,14
Malnutrition,14
Normandy,14
UN Convention on the Rights of the Child,14
Cabinet Office,14
Breastfeeding,14
Hill farming,14
Infant foods,14
Mental health,14
Parliamentary procedure,14
Pupil exclusions,14
War memorials,14
European criminal records information system,14
Commonwealth Games 2022,14
"Building Better, Building Beautiful Commission",14
Proxy voting,14
General Election 2019,14
Cambridge,13
Cancer,13
Merlin helicopters,13
Middle East,13
Turkey,13
EU common foreign and security policy,13
Block grant,13
Coastal erosion,13
Diseases,13
Gambling,13
Gynaecology,13
Railway stations,13
Transitional arrangements,13
Department for Education,13
Rohingya,13
"Zaghari-Ratcliffe, Nazanin",13
Wildcat helicopters,13
EU law and treaties,13
Amazon,12
Rules of engagement,12
Ukraine,12
West Midlands,12
World Heritage sites,12
International Court of Justice,12
EU defence policy,12
Detainees,12
Engines,12
Expenditure,12
Intensive care,12
Judiciary,12
Leisure,12
Medical treatments,12
Paediatrics,12
Passports,12
Planning,12
Redundancy,12
Seas and oceans,12
Slaughterhouses,12
Testing,12
Free schools,12
Type 45 destroyers,12
Puma helicopters,12
"Department for Business, Energy and Industrial Strategy",12
Leonardo,12
Northern,12
Constitution,12
Cattle,11
Cycling,11
EU budget,11
Treasury,11
Addresses to the Crown,11
British nationality,11
Customs,11
Free zones,11
ICT,11
New businesses,11
Pregnancy,11
Press freedom,11
Private rented housing,11
Space technology,11
Oxford,11
National Crime Agency,11
"Department for Digital, Culture, Media and Sport",11
Uighurs,11
Horizon Europe,11
International trade,11
Geneva Conventions,10
Church of England,10
Foreign and Commonwealth Office,10
Network Rail,10
Annual reports,10
Churches,10
Community development,10
Compulsory purchase,10
Constituencies,10
Council tax,10
Equal pay,10
Law of war,10
Liability,10
Low pay,10
Mergers,10
Military alliances,10
Military intelligence,10
Minimum wage,10
National insurance contributions,10
Overseas workers,10
Post offices,10
Social media,10
Tax allowances,10
Unemployment,10
Wind power,10
Personal independence payment,10
Walking,10
Islamic State,10
Television Licence Enforcement Review,10
Towns Fund,10
Lowestoft,9
Academies,9
Balkans,9
Southend on Sea,9
Stoke on Trent,9
Tottenham,9
Minister for Women and Equalities,9
EU economic policy,9
Scottish National Party,9
Adult education,9
Arms control,9
Bankruptcy,9
Central government,9
Charities,9
Clergy,9
Contracts for services,9
Firearms,9
First time buyers,9
Foreign investment in UK,9
Government bills,9
Government responses,9
Hereditary peers,9
Immigrants,9
Industry,9
Military intervention,9
Mothers,9
Motor vehicles,9
Parental leave,9
Perinatal mortality,9
Pollution,9
Repayments,9
Statistics,9
Yorkshire and the Humber,9
Marine environment,9
Terminal illnesses,9
EEA nationals,9
Department for International Trade,9
Disguised Remuneration Loan Charge Review,9
Bank of England,8
Bahrain,8
British national (overseas),8
Dementia,8
North Wales,8
West Yorkshire,8
EU Foreign Affairs Council,8
Church Buildings Council,8
"Department for Environment, Food and Rural Affairs",8
Ministry of Defence,8
EU external trade,8
Assets,8
Career breaks,8
Cathedrals,8
Cemeteries,8
Conduct,8
Consultants,8
Cultural heritage,8
Honours,8
Nationalisation,8
Negligence,8
Opposition days,8
Physiotherapy,8
Re-employment,8
Speaker's deputies,8
Violence,8
Competition and Markets Authority,8
T-levels,8
London Bridge,7
Birmingham,7
Economic partnership agreements,7
Europe,7
Glasgow,7
HIV infection,7
North Africa,7
EU enlargement,7
Ammunition,7
By-elections,7
Christianity,7
Civil proceedings,7
Diagnosis,7
Forests,7
Humanitarian aid,7
Imports,7
Landlords,7
Males,7
Migrant workers,7
Military aircraft,7
Ministerial policy advisers,7
Newspaper press,7
Parents,7
Parliamentary session,7
Passengers,7
Public interest,7
Recess,7
Tree planting,7
Backbench debates,7
Mediterranean Sea,7
British Business Bank,7
Northern rail franchise,7
Sino-British Joint Declaration,7
"Sacoolas, Anne",7
University Hospital of Hartlepool,7
Legislative process,7
Bolivia,6
Crossrail line,6
Prizes,6
Venezuela,6
Welsh language,6
World War II,6
Contingencies Fund,6
High Court,6
Agricultural products,6
Capital punishment,6
Chemical weapons,6
Childminding,6
Composite materials,6
Cooperation,6
Databases,6
Electricity,6
Electricity generation,6
Employment schemes,6
Exemptions,6
Export controls,6
Financial institutions,6
Freedom of expression,6
Gender recognition,6
Gifts and endowments,6
Ground rent,6
Harassment,6
House of Lords composition,6
Undocumented migrants,6
Intellectual property,6
Interviews,6
Lighting,6
Misrepresentation,6
Non-departmental public bodies,6
Nuclear reactors,6
Origin marking,6
Owner occupation,6
Pension funds,6
Pilot schemes,6
Preventive medicine,6
Primary education,6
Public bodies,6
Rule of law,6
Tolls,6
Travel,6
Youth services,6
Backbench Business Committee,6
Queen's speech debates,6
Freezing of assets,6
Independent Office for Police Conduct,6
South Western Railway,6
UK-Africa Investment Summit,6
Cheltenham Hospital,6
Health staff and professions,6
Members of Parliament,6
Members of the Lords,6
Autonomy,5
Big Ben,5
Christmas,5
Democratic Republic of Congo,5
Harlow,5
Muslims,5
Nigeria,5
Plastic bags,5
Rugby (sport),5
Sahel,5
West Bank,5
COE Parliamentary Assembly,5
European Commission,5
European Council,5
IRA,5
Kensington and Chelsea College,5
EU justice and home affairs,5
Public health,5
County Durham,5
European arrest warrants,5
Ofcom,5
Air force,5
Chemicals,5
Community care,5
Company liquidations,5
Cross border cooperation,5
Disciplinary proceedings,5
Economic and monetary union,5
Energy supply,5
European Parliament members,5
Evictions,5
Fundraising,5
General elections,5
Heating,5
Incentives,5
Law,5
Local press,5
Lotteries,5
Maintenance,5
Mental illness,5
Mobile phones,5
Money laundering,5
Oil,5
Overseas students,5
Peers' introduction,5
Performing arts,5
Personal income,5
Personal records,5
Police custody,5
Private bills,5
Private members' bills,5
Public houses,5
Rented housing,5
Rents,5
Rights of accused,5
Road traffic offences,5
Science,5
Secretaries of state,5
Standing orders,5
Subsidiary companies,5
Takeovers,5
Tax rates and bands,5
Total allowable catches,5
UN resolutions,5
Unfair practices,5
Uniforms,5
Visits abroad,5
Water,5
Weather,5
Leave of absence,5
Financial Conduct Authority,5
Electricity interconnectors,5
Severn River crossing,5
Police and crime commissioners,5
Green deal scheme,5
Military operations,5
College of Policing,5
Food poverty,5
Primodos,5
Addictions,5
Office for Veterans' Affairs,5
"Lynch, Mike",5
Common Agricultural Policy,5
Defence policy,5
Health finance,5
International development,5
International politics and government,5
British Gas,4
Air passenger duty,4
"Berwickshire, Roxburgh and Selkirk",4
Buckinghamshire,4
Burnley,4
Cannabis,4
Colombia,4
Earnings rules,4
Eastleigh,4
Employment and support allowance,4
England,4
Female genital mutilation,4
Flexible working,4
Iceland,4
Kensington,4
Kurds,4
Leeds,4
Mesothelioma,4
Mid Wales,4
Morocco,4
Nazi war crimes,4
NHS walk-in centres,4
Norfolk,4
North East,4
Rugby (Warwickshire),4
Soil,4
Trident submarines,4
Washing machines,4
EU Agriculture and Fisheries Council,4
EU Economic and Financial Affairs Council,4
EU General Affairs Council,4
Eurogroup,4
Cobham,4
DMGT,4
European Bank for Reconstruction and Development,4
Ofgem,4
Jaguar Land Rover,4
EU environmental policy,4
EU internal trade,4
EU transport policy,4
Morley College,4
Northern Ireland Office,4
Ofsted,4
Scottish Parliament,4
Veolia Environment,4
Administration,4
Advisory services,4
Animals,4
Arrears,4
Assessments,4
Babies,4
Billing,4
Bridges,4
Budgets,4
Bullying,4
Business premises,4
Concentration camps,4
Consumer goods,4
Correspondence,4
Culture,4
Dangerous driving,4
Dental services,4
Directors,4
Double taxation,4
Electrical safety,4
Electrification,4
Empty property,4
Entry clearances,4
Foreign nationals,4
Functions,4
Impact assessments,4
Import controls,4
Industrial health and safety,4
Interest rates,4
Judges,4
Labour market,4
Listed buildings,4
Litter,4
Marketing,4
Members' interests,4
Psychiatric hospitals,4
Misconduct,4
Monetary policy,4
National income,4
Nationality,4
Nature conservation,4
Officers,4
Offshore drilling,4
Oppression,4
Oral questions,4
Police authorities,4
Policy,4
Prescriptions,4
Press,4
Property,4
Public holidays,4
Queen's speech,4
Sanitary protection,4
Satellites,4
Secondary education,4
Senior civil servants,4
Solar power,4
Surcharges,4
Tax yields,4
Temporary employment,4
Tickets,4
Torture,4
Trials,4
Trusts,4
Vulnerable adults,4
Warships,4
Water supply,4
Weapons,4
Palace of Westminster,4
Statutory instruments,4
East-West rail link,4
NHS England,4
National Police Chiefs' Council,4
Whirlpool Corporation,4
"Bailey, Andrew",4
Israeli settlements,4
Photonics,4
Dedicated schools grant,4
Office for Product Safety and Standards,4
Post-18 Education and Funding Review,4
JPI Media,4
Disinformation,4
Period poverty,4
Advent International,4
i Newspaper,4
Liberty Steel,4
"Moore-Gilbert, Kylie",4
"Ashouri, Anousheh",4
Hybrid warfare,4
Fleetwood-Poulton railway line,4
Benefits policy,4
Environmental protection,4
International economic relations,4
Local authorities: education,4
Medical ethics,4
Research and innovation,4
"Sickness, disability and carers' benefits",4
Kingston Hospital,3
Parsons Green,3
Access to work programme,3
Cervical cancer,3
Chief scientific advisers,3
Dartford-Thurrock crossing,3
East Midlands,3
Electronic government,3
Epilepsy,3
European Convention on Human Rights,3
Fife,3
Fly-tipping,3
Fuel poverty,3
Ghana,3
Greater Manchester,3
Hungary,3
Jerusalem,3
Latin America,3
Mali,3
Measles,3
MMR vaccine,3
Norway,3
Philippines,3
Police national database,3
Private finance initiative,3
Migrant camps,3
Resource accounting and budgeting,3
Rotherham,3
Social Fund,3
Tunisia,3
Uzbekistan,3
World Cup,3
Chairman of Committees (HL),3
Chief Electoral Officer for Northern Ireland,3
Hitachi,3
Independent Adviser on Ministers' Interests,3
European Aviation Safety Agency,3
Gambling Commission,3
Law Commission,3
EU accession,3
EU aid,3
EU trade,3
National Policing Board,3
Nursing and Midwifery Council,3
Organisation for the Prohibition of Chemical Weapons,3
Post Office,3
Royal Mail,3
Statutory Instruments Joint Select Committee,3
United Kingdom Atomic Energy Authority,3
World Health Organisation,3
Academic year,3
Advocacy,3
Airlines,3
Ambulance services,3
Army,3
Bank services,3
Bishops,3
Blood,3
Borrowing,3
British overseas territories,3
Burglary,3
Buses,3
Business interests,3
Cardiovascular system,3
Cleaning services,3
Coal,3
Cohabitation,3
Committees,3
Committees of the whole House,3
Community nurses,3
Community relations,3
Debates,3
Democracy,3
Demolition,3
Development aid,3
Disasters,3
Enterprise zones,3
Evidence,3
Exchange rates,3
Exploration,3
Faith schools,3
Family proceedings,3
Ferries,3
Fertilisers,3
Financial markets,3
Former members,3
Franchises,3
Freedom of information,3
Frigates,3
Gender,3
Governing bodies,3
House of Commons Grand Committees,3
Green belt,3
Hazardous substances,3
Hostage taking,3
Hygiene,3
Income,3
Industrial diseases,3
Inflation,3
Internally displaced people,3
Islam,3
Judicial review,3
Lump sum payments,3
Management,3
Manifestos,3
Mayors,3
Medical examinations,3
Meetings,3
Meters,3
Military bases,3
Mining,3
Minority groups,3
Modernisation,3
Natural gas,3
Navy,3
Official report,3
Organic farming,3
Parking offences,3
Peace,3
Peers' interests,3
Personal savings,3
Pesticides,3
Plants,3
Pornography,3
Probate,3
Property transfer,3
Public bills,3
Public libraries,3
Radioactive waste,3
Recipients,3
Religion,3
Religious sects,3
Royal family,3
Rules of procedure,3
Separation,3
Sequestration of assets,3
Service charges,3
Sewers,3
Shopping centres,3
Subversion,3
Succession,3
Tax evasion,3
Theft,3
Times of sittings,3
Trees,3
Video games,3
Vocational guidance,3
Welfare tax credits,3
Widowed people,3
Witnesses,3
Pakistan,3
Local enterprise partnerships,3
Water abstraction,3
"Creasy, Stella",3
"Maclennan of Rogart, Lord",3
"Miller, Andrew",3
"Vallance of Tummel, Lord",3
Midland main railway line,3
Secondary Legislation Scrutiny Select Committee (HL),3
European Maritime and Fisheries Fund,3
UK Visas and Immigration,3
Parliamentary estate,3
Highways England,3
"Kyle, Peter",3
Zero hours contracts,3
Maritime patrol aircraft,3
Police Reform and Transformation Board,3
Investigatory Powers Commissioner,3
"Burns, Robert",3
Gangmasters and Labour Abuse Authority,3
Exiting the European Union Select Committee,3
Emergency services network,3
Conservative Party-DUP agreement,3
Sustainability of the Press Review,3
Rail Review,3
Future High Streets Fund,3
Gay conversion therapy,3
Bury Football Club,3
Special Representative on UK Victims of Gaddafi-sponsored IRA Terrorism,3
"Wallis, Jamie",3
Jo's Cervical Cancer Trust,3
TransPennine Express,3
"Gray, Alasdair",3
Navy Wings,3
Agriculture and environment,3
Asia,3
Benefits administration,3
Children and families,3
Children's social services,3
Civil law,3
Countryside,3
Defence equipment and procurement,3
Emergencies and disaster management,3
EU political integration,3
Housing standards,3
Housing supply,3
Offensive weapons,3
Patient rights and complaints,3
Public administration,3
Public order offences,3
"Registration of births, deaths and marriages",3
Sports and Olympic Games,3
A47,2
Ashbourne,2
Bishop Auckland Hospital,2
Burnley Hospital,2
Gamesley,2
Halewood,2
Harrogate,2
Hitchin Station,2
Knaresborough,2
Port Clarence,2
River Tyne,2
Royal Stoke University Hospital,2
Scunthorpe Hospital,2
Sewel Convention,2
South of England,2
Sutherland,2
Tameside,2
West Suffolk Hospital,2
10 Downing Street,2
Absent parents,2
Arctic,2
Arundel and South Downs,2
Athletics,2
Autism,2
Barnsley,2
Bedford,2
Belarus,2
Blaydon,2
Bosnia and Herzegovina,2
Brain,2
Breast cancer,2
Capital gains tax,2
Carbon capture and storage,2
Carshalton and Wallington,2
Central African Republic,2
Child trust fund,2
Clerk of the House,2
Convention on International Civil Aviation,2
Cornwall,2
Coventry,2
Croydon,2
Cryptography,2
Decision taking,2
Derbyshire Dales,2
Disability living allowance,2
Dorset,2
Earnings limits,2
East Surrey,2
Ecuador,2
Eddisbury,2
Eden Project,2
Egypt,2
Employee benefit trusts,2
Energy performance certificates,2
English language,2
ERASMUS,2
EU emissions trading scheme,2
Greece,2
Gyms,2
Hartlepool,2
Heart diseases,2
Homophobia,2
Hormone replacement therapy,2
House of Commons galleries,2
House of Commons sessional orders,2
Hunting,2
Individual voluntary arrangements,2
Industrial products,2
International Convention on Harmonisation of Frontier Controls of Goods,2
Joint strike fighter aircraft,2
Jordan,2
Kazakhstan,2
Kosovo,2
Leigh,2
Liechtenstein,2
North Macedonia,2
Mercury,2
Midlothian,2
Moldova,2
Newport (Gwent),2
North West,2
Poland,2
RAF Croughton,2
Retail prices index,2
River Severn,2
Sao Tome and Principe,2
Sefton Central,2
Serbia,2
Sevenoaks,2
Seychelles,2
Somerset,2
South Cambridgeshire,2
South Shields,2
Stability Pact,2
Strokes,2
Sugar,2
Sunbeds,2
UK delegations,2
UN Convention against Illicit Traffic in Drugs and Substances,2
VE Day,2
West Sussex,2
White fish,2
Wylfa power station,2
Occupied territories,2
Offshore trusts,2
Electoral Commission,2
EU Justice and Home Affairs Council,2
"EU Transport, Telecommunications and Energy Council",2
Eurojust,2
Carillion,2
Panel of Chairs,2
Civil Nuclear Constabulary,2
Constitution Select Committee (HL),2
Holocaust Educational Trust,2
House of Commons Liaison Committee,2
House of Lords Liaison Committee,2
Hybrid Instruments Select Committee (HL),2
Independent Living Fund,2
Information Commissioner,2
Council of Europe,2
Delegated Powers and Regulatory Reform Select Committee (HL),2
Development Assistance Committee,2
Downing College,2
Driver and Vehicle Licensing Agency,2
European Central Bank,2
European Medicines Agency,2
European Regional Development Fund,2
European Securities and Markets Authority,2
European Social Fund,2
Football League,2
Frontex,2
G20,2
Higher Education Funding Council for England,2
Google,2
Greater Manchester Police,2
International Criminal Court,2
International Military Services,2
International Monetary Fund,2
London Underground,2
Low Pay Commission,2
Medicines and Healthcare products Regulatory Agency,2
EU energy policy,2
EU regional policy,2
NHS Business Services Authority,2
North Atlantic Council,2
UK Permanent Representation to the EU,2
P and O,2
POST,2
Port of Hull,2
Procedure Select Committee (HL),2
Raytheon,2
Npower,2
Science and Technology Select Committee (HL),2
Scotland Office,2
Tavistock and Portman NHS Foundation Trust,2
Standing Orders (Private Bills) Select Committee (HL),2
Thomas Cook,2
Transport for London,2
UK Athletics,2
UK Space Agency,2
UN Commission on Narcotic Drugs,2
UN Security Council,2
UK Statistics Authority,2
World Bank,2
Welsh Government,2
Academic freedom,2
Administrative delays,2
Advisory bodies,2
Aerospace industry,2
Aircraft,2
Allowances,2
Animal experiments,2
Animal feed,2
Armoured fighting vehicles,2
Art works,2
Balance of trade,2
Bicycles,2
Bilateral aid,2
Biological weapons,2
Birds,2
Boats,2
Bureaucracy,2
Burial,2
Bypasses,2
Capital markets,2
Cinemas,2
Civil partnerships dissolution,2
Clinical trials,2
Closure motions,2
Clothing,2
Communication,2
Company law,2
Computer software,2
Congenital abnormalities,2
Contamination,2
Contributions,2
Cooperatives,2
Coroners,2
Crown Court,2
Crown lands and estates,2
Debts written off,2
Decriminalisation,2
Degrees,2
Design,2
Diplomatic immunity,2
Discharges,2
Disconnections,2
Discretionary grants,2
Discrimination,2
Dismissal,2
Disqualification,2
Domestic visits,2
Dual carriageways,2
Educational institutions,2
Electorate,2
Electric cables,2
Embassies,2
Employers' liability,2
Engineering,2
Engineers,2
Equipment,2
Exhibitions,2
Fireworks,2
Fishery agreements,2
Fixed penalties,2
Forecasts,2
Genito-urinary medicine,2
Graduates,2
Gun sports,2
History,2
Home education,2
Home shopping,2
Hospices,2
Housing estates,2
Housing market,2
Indigenous peoples,2
Industrial disputes,2
Insurance companies,2
Invalid vehicles,2
Jobcentres,2
Labelling,2
Legal representation,2
Legislative competence,2
Literacy,2
Manufactured goods,2
Maternity leave,2
Meat,2
Medical equipment,2
Members' staff,2
Ministers of religion,2
Museums and galleries,2
NATO enlargement,2
Nature reserves,2
Navigation,2
NHS trusts,2
Non-payment,2
Numeracy,2
Nurseries,2
Official gifts,2
Official hospitality,2
Offshore industry,2
Operating costs,2
Ophthalmology,2
Order of business,2
Orthopaedics,2
Overseas investment,2
Parliamentary privilege,2
Pathology,2
Pedestrian areas,2
Personnel management,2
Pets,2
Pharmacy,2
Police brutality,2
Political prisoners,2
Power failures,2
Pre-payment,2
Prisoners' transfers,2
Quarrying,2
Reading,2
Redundancy pay,2
Regional select committees,2
Religious buildings,2
Reserves,2
Right of abode,2
Rivers,2
Sales promotions,2
Scientists,2
Seasonal workers,2
Second homes,2
Secondhand goods,2
Service industries,2
Sewage,2
Sex,2
Shortages,2
Slavery,2
Smoking,2
Social enterprises,2
Solicitors,2
Space,2
Standing committees,2
State education,2
Stocks and shares,2
Stop and search,2
Storage,2
Stress,2
Supermarkets,2
Surveys,2
Taxis,2
Telephone services,2
Tenancy agreements,2
Terminology,2
Tobacco,2
Trade unions,2
Travel restrictions,2
Tree felling,2
Tribunals,2
Unparliamentary expressions,2
Vacancies,2
Vacant land,2
Veterinary medicine,2
Voluntary organisations,2
Voting rights,2
Weapons of mass destruction,2
Weed control,2
Women's prisons,2
Working class,2
Paralympic Games,2
York,2
Financial Policy Committee,2
Motor neurone disease,2
A1,2
EU Committee of the Regions,2
Public Health England,2
Tees Valley,2
Morecambe,2
Risk management,2
Court of Justice of the European Union,2
"Birkett, Lord",2
"Bramall, Lord",2
"Chalfont, Lord",2
"Crawford and Balcarres, Earl",2
"Feldman, Lord",2
"King of Bow, Baroness",2
"Mawhinney, Lord",2
"Montgomery of Alamein, Viscount",2
"Whittingdale, John",2
"Williams of Elvel, Lord",2
"Wright of Richmond, Lord",2
A34,2
Midland Metro,2
Sovereign grant,2
Terrorism prevention and investigation measures,2
Bills,2
Ballot bills,2
Time limits on speeches,2
Prorogation,2
Clinical commissioning groups,2
Dover Port,2
East Kent Hospitals University NHS Foundation Trust,2
Wonga,2
Government Digital Service,2
Manston Airport,2
Oil and Gas Authority,2
Child Sexual Abuse Independent Panel Inquiry,2
Pregnancy tests,2
Local Government Pension Scheme,2
Forces help to buy scheme,2
European Fiscal Board,2
Home Energy and Lifestyle Management,2
Minamata Convention on Mercury,2
Small Business Commissioner,2
House of Lords Commission,2
Services Select Committee (HL),2
Finance Select Committee (HL),2
Senior Deputy Speaker (HL),2
Listed events,2
Calder Valley railway line,2
Nursing associates,2
Service pupil premium,2
Development consent orders,2
Lower Thames crossing,2
Prison officers,2
Skipton-Colne railway line,2
Child Maintenance Service,2
Bereavement support payment,2
Roadchef,2
Urgent treatment centres,2
Japanese knotweed,2
Special procedure orders,2
Cryptocurrencies,2
Building Regulations and Fire Safety Independent Review,2
NHS Resolution,2
Solent,2
Sustainability and transformation partnerships,2
Life sciences,2
Family hubs,2
Coordination Committee,2
Deputy Speakers,2
Private business,2
Infected Blood Inquiry,2
Windrush generation,2
London North Eastern Railway,2
Internal drainage boards,2
Ã˜rsted,2
Armed Forces Covenant Fund Trust,2
Metropolitan Police Service's Handling of Non-recent Sexual Offence Investigations Alleged against Persons of Public Prominence Independent Review,2
West Midlands Trains,2
Persecution of Christians across the Globe Independent Review,2
"Wang, Yi",2
Stronger Towns Fund,2
Bridgeton Burns Club,2
Conduct Select Committee (HL),2
Social prescribing,2
"Food, Poverty, Health and the Environment Select Committee (HL)",2
Biometric residence permits,2
RiverOak Strategic Partners,2
Anthony Grainger Inquiry,2
Counter Terrorism Command,2
High Streets Task Force,2
Bereavement leave,2
Mount Vernon Hospital Northwood,2
International Relations and Defence Select Committee (HL),2
"Dunn, Harry",2
Eutrophication,2
Communications and Digital Select Committee (HL),2
Unibail-Rodamco-Westfield,2
"Smith, Alyn",2
"Smith, Greg",2
Gardner Aerospace,2
Impcross,2
Energy Emergencies Executive Committee,2
"Gallant, Steven",2
"Salazar, Alberto",2
Healthcare at Home,2
Vattenfall,2
Bramhall High School,2
Broadfield Specialist School,2
Hameldon Community College,2
Betway Group,2
Customs Convention on the International Transport of Goods under Cover of TIR Carnets,2
London Northwestern Railway,2
"Anderson, Heather",2
Burial and cremation,2
Business support,2
Construction industry,2
Disability discrimination,2
Drugs crimes,2
Election results : UK,2
Emergency services,2
European Parliament,2
Fire services,2
Funerals,2
Health education and preventive medicine,2
Industrial relations,2
Information technology,2
Media,2
North America,2
Statistics policy,2
Auchincruive,1
BBC Studios,1
Ballywalter,1
Chineham,1
Innellan,1
Integrated Care Pioneers programme,1
Inverness Cathedral,1
Landscape design,1
Loanhead,1
Newton Aycliffe,1
Peninsula Stadium,1
Phoenix trading,1
Prestwick,1
Siblings,1
Strathaven,1
Association of British Insurers,1
Attorney General,1
Bank of Scotland,1
BBC World Service,1
BBC Worldwide,1
Accounting officers,1
Algeria,1
Amendments and new clauses,1
Arrest warrants,1
Bangladesh,1
Beavers,1
Beef,1
Black Sea,1
Blue badge scheme,1
Bridgwater,1
British Indian Ocean Territory,1
Bronzefield Prison,1
Bury North,1
Caernarfon,1
Canada,1
Carer's allowance,1
Caribbean,1
Carlisle,1
Channel tunnel,1
Charter of Fundamental Rights (EU),1
Chevening scholarships programme,1
Child benefit,1
Child tax credit,1
Chlorine,1
City of London,1
Class actions,1
Community assets,1
Community infrastructure levy,1
Company voluntary arrangements,1
Consumer prices index,1
Convention on Long-Range Transboundary Air Pollution,1
Convention on the Conservation of Migratory Species of Wild Animals,1
Corporation tax,1
Countryside stewardship scheme,1
Cumbria,1
Customs unions,1
Darlington,1
Devon,1
Diabetes,1
East coast railway line,1
Eastbourne,1
Edinburgh,1
Eels,1
English baccalaureate,1
Equatorial Guinea,1
Eritrea,1
Euro,1
European Statistical System,1
European Union Solidarity Fund,1
Fairtrade initiative,1
Falkirk,1
Feed-in tariffs,1
Fluoride,1
Football banning orders,1
Funeral payments,1
Game,1
Gedling,1
General Election 2010,1
Georgia,1
Rubella,1
Gibraltar,1
Golan Heights,1
Gold,1
Greek Islands,1
Guantanamo Bay,1
Gulf States,1
Hague Convention,1
Hartlepool power station,1
Heathrow Airport,1
Hebron,1
Hertfordshire,1
Highlands of Scotland,1
Hillsborough Stadium,1
House of Commons chamber,1
Hyde Park,1
Immobilisation of vehicles,1
Individual savings accounts,1
Inheritance tax,1
International Convention for Conservation of Atlantic Tunas,1
International Sugar Agreement,1
Ipswich,1
Isle of Man,1
Isles of Scilly,1
ITER,1
Japan,1
Jobseeker's allowance,1
Kuwait,1
Landfill tax,1
Leadership,1
Lincoln,1
Liverpool,1
Luton South,1
Luxembourg,1
M6,1
Malaysia,1
Mauritius,1
Milton Keynes North,1
Mozambique,1
National curriculum tests,1
National grid,1
National Insurance Fund,1
Netherlands,1
New Zealand,1
Newcastle upon Tyne,1
Niger,1
North East Fife,1
North Korea,1
North Tyneside,1
Norwich,1
Nottingham,1
Peat,1
Pendle,1
Pension credit,1
Pension liberation schemes,1
Persian Gulf,1
Pet travel scheme,1
Pneumoconiosis,1
Poole,1
Poultry meat,1
Public places,1
Public service obligations,1
Religious hatred,1
Renewables obligation,1
RMS Titanic,1
Romania,1
Romford,1
Rwanda,1
Salisbury convention,1
Sea level,1
Secure training centres,1
Sex establishments,1
Soil erosion,1
Solitary confinement,1
Somaliland,1
South Wales,1
South West,1
Spare parts,1
Sri Lanka,1
St Andrews Agreement,1
Stamp duties,1
Starter home initiative,1
Stoke-on-Trent North,1
Sulphur,1
Swimming pools,1
Taiwan,1
Tamils,1
Tamworth,1
Transmissible encephalopathies,1
Treaty on European Union,1
Tree preservation orders,1
Tuna,1
UN Convention on the Law of the Sea,1
Convention on Certain Conventional Weapons,1
Universal Declaration of Human Rights,1
Universal service obligation,1
Wantage,1
Washington (Tyne and Wear),1
West Africa,1
Wiltshire,1
Worcestershire,1
Work capability assessment,1
Working tax credit,1
Olives,1
British Telecom,1
Built Environment,1
Educational Testing Service,1
Environment Agency,1
Epsom and St Helier University Hospitals NHS Trust,1
Cambridge University,1
Camelot Group,1
Chairman of Ways and Means,1
Coalfield Communities Campaign,1
Communication Workers Union,1
Churches Conservation Trust,1
Homes and Communities Agency,1
House of Commons Members' Fund,1
Victims' Commissioner,1
Committee of Selection,1
Committee of Selection (HL),1
Committee on Climate Change,1
Committee on Safety of Medicines,1
Human Rights Joint Select Committee,1
Independent Parliamentary Standards Authority,1
Infrastructure UK,1
Institute for Fiscal Studies,1
Institute of Chartered Accountants in England and Wales,1
Intelligence and Security Committee,1
Coventry University,1
Crossrail,1
Crown Prosecution Service,1
Defence Equipment and Support,1
"Department for Culture, Media and Sport",1
Duchy of Cornwall,1
East Lancashire Hospitals NHS Trust,1
European Banking Authority,1
European Insurance and Occupational Pensions Authority,1
European System of Financial Supervisors,1
Financial Services Compensation Scheme,1
First-tier Tribunal,1
High Speed Two,1
Highland Council,1
General Pharmaceutical Council,1
Girls Brigade,1
"Global Fund to Fight AIDS, Tuberculosis and Malaria",1
GMB,1
Govan Law Centre,1
International Crisis Group,1
International Maritime Organisation,1
International Planned Parenthood Federation,1
International Science and Technology Centre,1
Interpol,1
Jobcentre Plus,1
UNAIDS,1
Justice Select Committee,1
Kick It Out,1
Liberal Democrats,1
Lord President of the Council,1
Marine and Aviation Insurance (War Risks) Fund,1
National Army Museum,1
NatCen Social Research,1
Marine Management Organisation,1
Medical Research Council,1
Mental Health Task Force,1
Met Office,1
Metropolitan Police,1
EU immigration,1
EU overseas countries and territories,1
EU relations,1
Roma,1
Aberystwyth University,1
National Probation Service for England and Wales,1
National Savings and Investments,1
National Security Strategy Joint Select Committee,1
National Trust,1
National Institute for Health and Care Excellence,1
National Lottery Distribution Fund,1
Newnham College,1
Nissan,1
Northamptonshire County Council,1
Northern Rail,1
Ofwat,1
Organisation for Security and Cooperation in Europe,1
Overseas Development Administration,1
Parole Board,1
Pensions Advisory Service,1
Portsmouth University,1
Post 18 Education Working Group,1
Public and Commercial Services Union,1
Public Fundraising Regulatory Association,1
Regulatory Policy Committee,1
Royal British Legion,1
Royal College of Veterinary Surgeons,1
Royal Fleet Auxiliary,1
Royal Hospital Chelsea,1
Royal Naval Museum,1
Salvation Army,1
Scotch Whisky Association,1
Somerville College,1
Scottish Power,1
Sea Fish Industry Authority,1
Skills Funding Agency,1
Speaker's Committee for the Independent Parliamentary Standards Authority,1
Speaker's Committee on the Electoral Commission,1
Suffolk County Council,1
Surrey University,1
Sutton Trust,1
Police Service of Northern Ireland,1
Telford and Wrekin Council,1
Thames Water,1
UEFA,1
UK Sport,1
Ulster Defence Association,1
UN Population Fund,1
UNICEF,1
UNISON,1
Vehicle Certification Agency,1
Wiltshire Police,1
Women and Children First UK,1
Accountancy,1
ACP countries,1
Actors,1
Administration of estates,1
Air traffic,1
Aircraft carriers,1
Airguns,1
Allied health professions,1
Animal breeding,1
Animal products,1
Annuities,1
Antiques,1
Architecture,1
Archives,1
Assassination,1
Astronomy,1
Attendance,1
Backbenchers,1
Bacterial diseases,1
Balance of payments,1
Bank cards,1
Bank notes,1
Benefits rules,1
Bill of Rights,1
Biodegradability,1
Biotechnology,1
Broadcasting programmes,1
Building societies,1
Business plans,1
Business questions,1
Carcinogens,1
Cash dispensing,1
Casualties,1
Catholicism,1
Ceremonies,1
Certification,1
Charitable donations,1
Charter flights,1
Cheques,1
Chronic illnesses,1
Church schools,1
Civil partnership certificates,1
Civilians,1
Clinics,1
Clubs,1
Coalition governments,1
Collective worship,1
Colleges of education,1
Committee stage,1
Common commercial policy,1
Commonhold,1
Commons amendments,1
Community centres,1
Community hospitals,1
Competition law,1
Conflict of interests,1
Consumption,1
Conveyancing,1
County councils,1
Court of Appeal,1
Credit,1
Crew,1
Crimes against humanity,1
Crown immunity,1
Curriculum,1
Damages,1
Debt collection,1
Decommissioning,1
Deductions,1
Defaulters,1
Dental health,1
Dentistry,1
Depressive illnesses,1
Detention centres,1
Development plans,1
Diesel fuel,1
Diets,1
Direct selling,1
Disability aids,1
Dissolution,1
Distribution,1
Diversification,1
Divisions,1
Divorce settlements,1
DNA,1
Doctors,1
Domestic appliances,1
Domicil,1
Drinking water,1
Earned income,1
Economic recession,1
Economic regions,1
Economics,1
Electronic equipment,1
Electronic funds transfer,1
Entertainments,1
Estate agents,1
Exclusion orders,1
Exercise,1
Explosives,1
Father of the House,1
Fish products,1
Flats,1
Former prime ministers,1
Forms,1
Free movement of capital,1
Freedom of association,1
Freehold,1
Fuels,1
Government guaranteed credit,1
Grammar schools,1
Hijacking,1
Holiday accommodation,1
Home care services,1
Hormone treatments,1
Horticulture,1
Hotels,1
House of Commons composition,1
House of Commons papers,1
Human embryo experiments,1
Independent members,1
Infectious diseases,1
Information,1
Inhuman treatment,1
Inland waterways,1
Inquiries,1
International relations,1
Intestacy,1
Investment income,1
Investment returns,1
Joint European torus,1
Labour turnover,1
Land drainage,1
Landlord and tenant,1
Law and order,1
Law reporting,1
Legal costs,1
Legal opinion,1
Lord-Lieutenants,1
Lords amendments,1
Magistrates' courts,1
Maiden speeches,1
Managers,1
Maps,1
Markets,1
Marriage certificates,1
Mature students,1
Means-tested benefits,1
Meat products,1
Medals,1
Members' suspension,1
Migration,1
Minority governments,1
Miscarriage,1
Missing persons,1
Mobile homes,1
Mobility,1
Monarchy,1
Mortgages,1
Motorway service areas,1
Musicians,1
NATO countries,1
Non-governmental organisations,1
Nuclear submarines,1
Official secrets,1
Official visits,1
Opinion polls,1
Optical fibres,1
Organs,1
Overseas visitors,1
Ownership,1
Packaging,1
Paedophilia,1
Part-time education,1
Part-time employment,1
Paternity leave,1
Patients' rights,1
Pedestrians,1
Pensioners,1
"Personal, social, health and economic education",1
Petitions,1
Petrol,1
Alternative fuels,1
Physical education,1
Planning authorities,1
Plastic surgery,1
Playing fields,1
Poisoning,1
Police raids,1
Postal services,1
Prayer,1
Prerogative of mercy,1
Prescription drugs,1
Primary care trusts,1
Primary health care,1
Prime Minister's questions,1
Private companies,1
Private roads,1
Prize money,1
Proceeds of crime,1
Professions,1
Programme motions,1
Proliferation,1
Property law,1
Property rights,1
Protest,1
Psychiatry,1
Public buildings,1
Public companies,1
Public lending right,1
Public opinion,1
Public order,1
Public participation,1
Public sector debt,1
Public service,1
Publicity,1
Racial hatred,1
Radiotherapy,1
Railway network,1
Recall of parliament,1
Recognition of states,1
Reconstruction,1
Regional assistance,1
Rehabilitation centres,1
Religious orders,1
Rescue services,1
Restraint techniques,1
Rights of way,1
Road traffic,1
Royal assent,1
Royal parks,1
Royal prerogative,1
School choice,1
School meals,1
Seating,1
Secure accommodation,1
Segregation of prisoners,1
Self-assessment,1
Self-harm,1
Self-sufficiency,1
Sexually transmitted infections,1
Shoplifting,1
Shops,1
Shorthold tenancies,1
Side effects,1
Smoke and chimney gases,1
Social class,1
Social work,1
Social workers,1
Sportsgrounds,1
Standard of living,1
Standing charges,1
Storms,1
Student numbers,1
Supply estimates,1
Take-up,1
Taxpayers,1
Technical assistance,1
Tenants' rights,1
Theatre,1
Third sector,1
Timesharing,1
Timetabling of bills,1
Touting,1
Town twinning,1
Train operating companies,1
Trams,1
Transplant surgery,1
Travel-to-work areas,1
Truancy,1
Vandalism,1
Vehicles,1
Video recordings,1
Voting behaviour,1
Welfare state,1
Wholesale trade,1
Working conditions,1
Working hours,1
Wrecks,1
Written questions,1
Young offender institutions,1
Young offenders,1
Youth custody,1
Youth justice,1
Osteoporosis,1
Pacific Islands,1
Partnership and cooperation agreements,1
Yeovil,1
Mumps,1
HealthWatch England,1
Anorexia,1
Commission on the Funding of Care and Support,1
Green Investment Bank,1
Office for Budget Responsibility,1
Independent Public Service Pensions Commission,1
Strategic Defence and Security Review,1
EU social policy,1
Independent Commission for Aid Impact,1
UN Women,1
UK Anti-doping,1
Porton Down,1
Police cautions,1
Guardian's allowance,1
"Lugovoi, Andrei",1
"Elizabeth II, Queen",1
Hacking,1
Corpus Christi College Oxford,1
Apache AH-64 helicopters,1
Guaranteed minimum pensions,1
Hydrogen,1
Type 26 frigates,1
University technical colleges,1
British Postal Museum and Archive,1
HM Courts and Tribunals Service,1
"Barker of Battle, Lord",1
"Black of Crossharbour, Lord",1
"Browne of Madingley, Lord",1
"Cholmondeley, Marquess",1
"Cryer, John",1
"Goldsmith of Richmond Park, Lord",1
"Graham of Edmonton, Lord",1
"Hardie, Lord",1
"Heath, Edward",1
"Listowel, Earl",1
"Maginnis of Drumglass, Lord",1
"Mar, Countess",1
"McCartney, Karl",1
"McFadden, Pat",1
"Morgan of Cotes, Baroness",1
"Phillipson, Bridget",1
"Pritchard, Mark",1
"Sainsbury of Preston Candover, Lord",1
"Sainsbury of Turville, Lord",1
"Scotland of Asthal, Baroness",1
"Tami, Mark",1
"Vadera, Baroness",1
"Walker, Charles",1
Westminster Hall,1
Double jeopardy,1
Blackpool Teaching Hospitals NHS Foundation Trust,1
Work programme,1
Health and wellbeing boards,1
Abellio Greater Anglia,1
Royal Regiment of Scotland,1
Boko Haram,1
Interserve,1
Energy companies obligation,1
Marine protected areas,1
Sun Newspaper,1
London Overground,1
Standing Order No 13,1
Standing Order No 43,1
Standing Order No 57,1
Council tax reduction schemes,1
NHS Improvement,1
Army Reserve,1
Facebook,1
397883,1
Chartered Institute of Legal Executives,1
Crowdfunding,1
Mediation,1
Pre-pack Administration Review,1
Gamekeepers,1
United Kingdom without Incineration Network,1
Better Care Fund,1
"100,000 Genomes Project",1
"Shields, Baroness",1
Plagiarism,1
Valedictory speeches,1
Smart Data Communications Company,1
Non-native species,1
Maintained schools,1
"Mackinlay, Craig",1
"Matheson, Christian",1
"Thompson, Owen",1
"Braverman, Suella",1
"Grady, Patrick",1
Openreach,1
"Osamor, Kate",1
Internal Security Fund,1
Ecotricity,1
United Kingdom Holocaust Memorial Foundation,1
Help to buy scheme,1
Medical examiners,1
Drug resistance,1
ACRO Criminal Records Office,1
Transport for the North,1
Debt relief orders,1
Parental pay,1
Youth Justice System Review,1
Short money,1
Newquay Cornwall Airport,1
Recall of Unsafe Products Review,1
"al-Singace, Abduljalil Abdulla",1
"Mushaima, Hassan",1
Sex and relationship education,1
Historic England,1
ENGIE,1
UK Research and Innovation,1
HMS Queen Elizabeth,1
Newton Fund,1
Nuisance calls,1
Broadmoor Hospital,1
"Ramadan, Mohamed",1
"Asylum, Migration and Integration Fund",1
"Llewellyn of Steep, Lord",1
"Darroch of Kew, Lord",1
Product Recalls and Safety Working Group,1
Type 31 frigates,1
Autonomous weapons,1
Budget March 2017,1
Welsh Revenue Authority,1
Submarine Delivery Agency,1
East Midlands rail franchise,1
"Alwadaei, Sayed",1
Integrated personal commissioning programme,1
General Election 2017,1
Trampolining,1
South western rail franchise,1
Transport for Wales,1
Sheffield City Region,1
"Badenoch, Kemi",1
"Charalambous, Bambos",1
"Docherty, Leo",1
"Lopez, Julia",1
"Reeves, Ellie",1
"Rowley, Lee",1
HM Inspectorate of Constabulary and Fire and Rescue Services,1
RAF Molesworth,1
HMS Dreadnought,1
Out-of-school education,1
Valley lines,1
International Convention for the Control and Management of Ships' Ballast Water and Sediments,1
LocatED,1
Air transport agreements,1
Grenfell Recovery Taskforce,1
Trade Remedies Authority,1
Northern Ireland Executive Department of Health,1
Trade remedies,1
Homes England,1
Charging points,1
NHS Counter Fraud Authority,1
Health and Social Care Select Committee,1
Royal Liverpool Hospital,1
Rough Sleeping and Homelessness Reduction Taskforce,1
"Hassan, Hajer Mansoor",1
"Kovtun, Dmitri",1
"Moosa, Husain",1
Agency workers,1
Global Britain Board,1
Future Telecoms Infrastructure Review,1
Mayday Rescue,1
Midland Metropolitan Hospital,1
TransPennine Express rail franchise,1
Special Envoy on Freedom of Religion or Belief,1
Festival of Britain,1
Mermaids UK,1
European Data Protection Board,1
Loneliness,1
Electric scooters,1
Design of UK Funding Schemes for European and International Collaboration Review,1
Hares,1
Aquaculture,1
Electoral Registration and Administration Act 2013 Select Committee (HL),1
Social and Economic Impact of the Gambling Industry Select Committee (HL),1
Democracy and Digital Technologies Select Committee (HL),1
Pregabalin,1
"Islamist Extremism in Prisons, Probation and Youth Justice Review",1
Strait of Hormuz,1
Local Authority Financial Reporting and External Audit Review,1
Renewable Heat Incentive Inquiry,1
Home visits,1
Healthy schools rating scheme,1
Frontier workers,1
"Everett, Sarah",1
High Speed 2 Independent Review,1
Compassionate leave,1
Rail Industry Decarbonisation Task Force,1
"Hallett, Baroness",1
"Khalaf, Hevrin",1
Southern African Customs Union,1
Health Service Safety Investigations Body,1
Luton and Dunstable Hospital,1
"Flynn, Stephen",1
"Owen, Sarah",1
Mettis Aerospace,1
Aerostar,1
Ligeance Aerospace Technology,1
Ayrton Fund,1
Humanitarian situation,1
"Cox, Brian",1
"Hogg, Ron",1
"Maan, Bashir",1
WTO Dispute Settlement Body,1
Quality Assurance of Government Models Review,1
Association for Children Damaged by Hormone Pregnancy Tests,1
"Reed of Allermuir, Lord",1
RAF Waddington,1
"Bilicen, Aho",1
Euro 2020,1
Aid workers,1
Portia Management Services,1
Papur Sain Ceredigion Talking Newspaper,1
Eden Court,1
Benarty Kids Community Club,1
St Margaret's Hospice Care,1
Kantar,1
Habitat for Humanity,1
Lanarkshire Cancer Care Trust,1
"Elo Ayeto, Joaquin",1
"Umuhoza, Jackie",1
"Abu Ghosh, Mays",1
"Arbid, Samir",1
"Currie, Vivien",1
"Fellini, Federico",1
"Brown, Bobby",1
"Hafeez, Junaid",1
"Clarke, Carol",1
"Andimi, Lawan",1
Salford City Football Club,1
"Freedman, Max",1
St Catharine's College Cambridge,1
Junkyard Hamilton,1
Forget Me Not Children's Hospice,1
"Ackerman, Neil",1
"Maroto-Valer, Mercedes",1
"Fletcher, Harry",1
"Graham, Errol",1
Conservation covenants,1
Violence and Harassment Convention,1
"Saliuka, Liridon",1
"Hughes Hallett, Andrew",1
Troubles permanent disablement payment scheme,1
St Aidan's Foodbank,1
Hartlepool Foodbank,1
Rosslyn Chapel,1
Barrhead Baby Cafe,1
Age discrimination,1
Alternatives to prison,1
Anti-social behaviour,1
Armed forces welfare,1
Crown,1
Electoral franchise,1
Energy conservation,1
EU Council of Ministers,1
Housing benefits,1
Incomes and poverty,1
Internet and cybercrime,1
Legal profession,1
Libraries,1
National Lottery,1
"Oil, petrol and natural gas",1
Overseas territories,1
Regional assemblies,1
Regional development agencies,1
Security industry,1
Sex discrimination,1
Utilities,1
Vaccination,1
Working age benefits,1