Coronavirus,5691
Children,2326
Disease control,2156
Social services,1978
NHS,1764
Government assistance,1549
Health services,1493
Small businesses,1327
Schools,1279
Employment,1222
Universal credit,1203
Safety,1156
Self-employed,1099
Scotland,1084
Wales,1069
Northern Ireland,1059
Housing,1045
Staff,1039
Economic situation,1037
Human rights,1010
Costs,1008
Capital investment,993
Infrastructure,985
Insurance,985
Climate change,954
Screening,891
Research,890
Immigration,878
Closures,874
Taxation,874
Construction,862
Training,860
Environment protection,843
Business,828
Non-domestic rates,823
Licensing,791
Flood control,785
Fees and charges,779
Brexit,778
British nationals abroad,756
Quarantine,754
Railways,748
Disability,747
Carbon emissions,741
Sick pay,737
Appeals,732
Local government,723
Police,713
Compensation,703
Protective clothing,694
Disclosure of information,689
China,667
Aviation,663
Tax allowances,662
Trade agreements,660
Education,657
Mental health services,652
Fisheries,651
Medical equipment,647
Powers,629
Females,626
Older people,621
Floods,618
Special educational needs,618
Protection,615
Devolution,609
UK relations with EU,601
EU law,598
Repatriation,594
Loans,592
Council tax,574
Conditions of employment,573
Manufacturing industries,569
Procurement,569
Public houses,568
Statutory sick pay,566
Agriculture,565
Food supply,565
Voluntary work,565
Young people,564
Care homes,562
Pay,559
Pollution control,541
Restaurants,530
Health professions,527
Internet,527
Rented housing,527
Tenants,517
Mental health,513
Public sector,495
Retail trade,495
Uniforms,492
Terrorism,487
Clubs,485
Religion,484
Registration,482
Disadvantaged,476
Prisoners' release,476
Drugs,472
Recruitment,470
Conservation,468
Regulation,465
Prisons,464
Bus services,463
National security,453
Carers,444
Land,441
Medical treatments,441
Sick leave,441
Pensions,436
Domestic abuse,433
Armed forces,431
Airports,429
Repairs and maintenance,428
Publicity,427
Air pollution,426
Equality,426
Transport,426
Free trade,421
Leasehold,419
Prisoners,418
Redundancy,417
High Speed 2 railway line,415
Social workers,409
Alcoholic drinks,407
Travel restrictions,407
Enforcement,402
Age,400
Evictions,400
Local government finance,400
Occupational pensions,396
Burial,392
Pregnancy,390
Counter-terrorism,389
UK trade with EU,387
Devolved matters,385
Expenditure,384
Parliamentary scrutiny,383
Overseas aid,381
Food,379
Affordable housing,376
Broadband,376
Parents,376
Compulsorily detained psychiatric patients,375
Coronavirus business interruption loan scheme,370
Eligibility,370
Remote working,370
Sleeping rough,370
Further education,365
Animal welfare,361
Death,361
Roads,361
Pensions Regulator,359
Land drainage,359
International cooperation,357
Homelessness,356
Rural areas,356
Rehabilitation,354
Reviews,349
Renewable energy,348
Seasonal workers,347
Exhaust emissions,346
Travel,346
Day care,345
Personal income,343
Cuts,342
Complaints,341
Hospitals,341
Sentencing,336
Visas,336
Inspections,335
Negotiations,334
Greater London,333
Poverty,331
Borrowing,330
Cinemas,330
Motor vehicles,329
Vaccination,329
Mortgages,327
Prosecutions,327
Access,326
Grants,326
Health,322
Travel information,321
India,317
Intensive care,316
Flood Re,316
Asylum,312
Testing,311
Delegated legislation,310
Sales,310
USA,309
Prison sentences,309
Budget March 2020,309
Free movement of people,304
Airlines,302
Rents,302
Parole,301
Benefits rules,299
Offenders,297
Iran,296
Funerals,296
Radicalism,296
Advisory services,295
Fishing catches,293
Deportation,292
Apprentices,291
Chronic illnesses,289
Electric vehicles,288
VAT,286
Veterans,286
Developing countries,283
Windrush generation,283
Charities,281
Quotas,281
Higher education,279
Borders,278
Ethnic groups,278
5G,277
Foreign relations,276
Huawei,275
Plastics,272
Recycling,269
Diplomatic service,268
Facilities,267
Teachers,267
Public consultation,266
EU nationals,264
Parole Board,261
Mental illness,260
Tickets,260
Theatres,259
Data protection,257
Minority groups,257
Departmental responsibilities,253
Energy,252
North of England,251
Consumer information,251
Hygiene,251
Planning permission,251
Prices,251
Home Office,250
EU grants and loans,250
Courts,250
Migrant workers,249
ICT,248
Misuse,248
Hotels,247
Henry VIII clauses,246
Planning,246
Hospital beds,243
Sports,243
Employment and support allowance,242
Administration,242
Immigration controls,240
Leisure,240
Passenger ships,240
Pre-school education,240
Applications,238
Organised crime,237
Prime Minister,236
Exports,236
Productivity,235
Tenerife,233
Carbon capture and storage,233
Codes of practice,233
Rivers,233
Insulation,232
Probation,232
Waste disposal,232
Insolvency,231
Fishing vessels,229
Civil Aviation Authority,226
Advertising,226
Monitoring,226
Tax avoidance,226
Abortion,225
Pupils,225
Syria,224
Environment Agency,224
Families,224
Waiting lists,224
Armed conflict,223
Sponsorship,223
Unmanned air vehicles,222
Emergency powers,222
Trade,221
Vetting,220
High rise flats,219
Life expectancy,219
Nature conservation,219
Universities,219
Crime prevention,218
Low pay,218
Refugees,218
Pakistan,216
Bank of England,215
Post Office,215
Post offices,215
Commonwealth,213
Storms,213
Vulnerable adults,212
Palestinians,212
Air traffic control,211
Valuation,211
Extradition,209
Living wage,209
Imports,208
Sixth form education,208
Social security benefits,208
Biodiversity,207
Fares,207
Environment,206
Students,205
Bellwin scheme,205
Jamaica,204
Public expenditure,204
Convictions,202
Air space,201
Railway stations,200
Covid-19 Corporate Financing Facility,199
Parliament,199
Dementia,198
Free school meals,198
Hazardous substances,198
Data processing,197
Excise duties,195
Assessments,193
Digital technology,193
Multinational companies,193
Greenhouse gas emissions,192
Israel,192
Bullying,192
Working conditions,192
Divorce,190
Industry,187
High Speed 2 Independent Review,187
Maternity services,186
Heathrow Airport,185
Cycleways,185
Fraud,184
Turkey,183
Contracts,183
Death certificates,183
Freight,183
Ministers,183
Revenue and Customs,182
Foreign nationals,182
Commonwealth Games 2022,182
Separation,181
Vacancies,181
Victims,181
Livestock,180
Chemicals,179
Tree felling,178
Subsidies,177
"Integrated Security, Defence and Foreign Policy Review",177
Elections,176
Nuclear power,176
Birmingham,175
English language,175
Hong Kong,175
Occupational money purchase schemes,175
Discrimination,175
Mass media,174
Misconduct,174
Delivery services,173
Television,173
Telecommunications,171
Climate Change Convention,170
Cremation,170
Skilled workers,170
Financial Conduct Authority,170
Health education,169
Greater Manchester,168
Academic year,168
Landlords,168
Doctors,167
Midwives,165
Voucher schemes,165
Learning disability,164
Mediation,164
Investigatory Powers Commissioner,164
Iron and steel,163
Regional government,162
Seas and oceans,162
Wildlife,162
Ministry of Defence,161
Criminal investigation,161
Qualifications,160
Agricultural products,159
Nurses,159
General practitioners,158
Oppression,158
Ownership,158
Waste management,158
Ventilators,158
Conduct,157
Religious freedom,157
South Korea,156
Innovation,156
Navy,156
Plastic bags,155
Private education,155
State retirement pensions,155
National Cyber Security Centre,155
Civil partnerships,154
Water supply,154
NHS England,154
Office for Environmental Protection,154
Boarding schools,153
Exemptions,153
Charging points,153
Autism,152
Sewers,152
Touting,152
Gun sports,151
Income tax,151
Cabinet Office,150
Electronic equipment,150
Local government services,150
Water abstraction,150
Common fisheries policy,149
Medical examinations,149
Ministerial policy advisers,149
Reform,149
Smoke and chimney gases,149
Conservation covenants,149
Burma,148
Overseas students,148
EU countries,147
Counselling,147
Law and order,147
Terminology,147
"Dorries, Nadine",147
LGBT people,147
International Council for the Exploration of the Sea,146
Windrush Lessons Learned Review,146
"Patel, Priti",145
Arts,144
Cuba,143
Coastal areas,143
Passengers,143
Meat,142
Trees,142
Civil servants,141
Overseas trade,141
Payments,141
Victim support schemes,141
Marine Management Organisation,140
Culture,139
Defence,139
Financial services,139
Criminal proceedings,138
Criminal records,138
Debts,138
Fire prevention,138
Coal,137
Senior civil servants,137
Tree planting,137
Administrative delays,136
Christianity,136
Consumers,136
Crimes of violence,136
Yorkshire and the Humber,136
Resignations,135
Islam,134
Nigeria,133
Video conferencing,133
Curriculum,133
Regional planning and development,133
Unfair practices,133
European arrest warrants,132
Intellectual property,132
Liability,132
Sanitary protection,132
BBC,131
Fines,131
Investigatory Powers Commission,130
Companies,130
Planning blight,130
Care Quality Commission,128
Heating,128
Judgements,128
Politics and government,128
Common agricultural policy,127
Private sector,127
Biometrics,126
Obesity,126
Military aid,126
Reoffenders,126
Sustainable development,126
Violence,126
British nationality,125
Low incomes,125
Total allowable catches,125
Accountability,124
Tidal power,124
UK Shared Prosperity Fund,124
Centre for Environment Fisheries and Aquaculture Science,123
Welsh language,122
Location,122
Community care,121
Referendums,121
UN Convention on the Law of the Sea,120
Concessions,120
Detainees,120
Migration,119
Crew,118
Labelling,118
Regional assistance,118
Repayments,118
"Rutnam, Philip",117
Australia,117
Flybe,117
Labour market,117
New businesses,117
House of Lords,116
Rain,116
Crime,115
Cybercrime,115
Gender,115
Offences against children,115
Warnings,115
Buildings,114
Derelict land,114
Official engagements,114
Shipping,114
Conflict resolution,113
Migration Advisory Committee,113
Demonstrations,113
Impact assessments,113
Patients,113
Regeneration,113
Slavery,113
Greece,112
Equal pay,112
Fixed penalties,112
Hereditary peers,112
Population studies,112
Electronic government,111
Royal Mail,111
Farms,111
Landslips,111
Pension Protection Fund,110
Exchange rates,110
Pupil exclusions,110
Soil,109
Criminal Cases Review Commission,109
Interpol,109
Air routes,109
Driving under influence,109
Privacy,109
Reciprocal arrangements,109
Stop and search,109
Social rented housing,108
Animal experiments,107
Organs,107
International Women's Day,106
Japan,106
Navigation,106
Seized articles,106
Regional airports,105
National policy statements,104
Risk assessment,103
Italy,102
Lancashire,102
Admissions,102
Detention centres,102
Homicide,102
Hospices,102
Parking,102
Press freedom,102
Revenue support grant,102
Auctions,101
By-elections,101
Contracts for services,101
Design,101
Fuels,101
Public finance,101
Public transport,101
Smoking,101
Peru,100
Pension rights,100
Perinatal mortality,100
Prime Minister's questions,100
Uprating,100
Waste,100
Sexual offences,99
Cumbria,97
Legislation,97
Married people,97
Public buildings,97
Cambodia,96
New Zealand,96
Civil partnerships dissolution,96
Composite materials,96
Computer networks,96
Freedom of expression,96
Humanitarian aid,96
Tax rates and bands,96
Disguised Remuneration Loan Charge Review,96
Vietnam,95
Government departments,95
Information,95
Newspaper press,95
Pension funds,95
Prescription drugs,95
Court of Appeal,94
Modernisation,94
Competition and Markets Authority,94
Uighurs,94
Laos,93
Spain,93
STEM subjects,93
Suicide,92
Peace negotiations,91
Security,91
Addictions,91
Bali,90
Republic of Ireland,90
Russia,90
Accident and emergency departments,90
Casualties,90
Nationality,90
Beer,89
Income,89
Oil,89
Visits,89
Hate crime,89
Navigational aids,89
Money and Pensions Service,89
Business improvement districts,88
Cycling,88
Ferries,88
Supreme Court,88
Arrest warrants,87
Opiates,87
Sanctions,87
Shops,87
British overseas territories,86
DNA,86
Natural gas,86
Zero hours contracts,86
General Synod of the Church of England,85
Fingerprints,85
Employment agencies,84
Undocumented migrants,84
Private rented housing,84
Personal independence payment,84
Pension Wise,84
Job retention scheme,83
Money laundering,83
Taiwan,82
Empty property,82
Firearms,82
Ofcom,81
Cameras,81
Politics,81
Cancer,80
Economic policy,80
Non-payment,80
Urban areas,80
Red diesel,79
Peat bogs,79
Offshore industry,79
Tax evasion,79
Internally displaced people,78
Parliamentary lobby correspondents,78
Supply estimates,78
Community assets,77
High Speed Two,77
Billing,77
Music,77
Civilians,76
Technology,76
Archery,76
T-levels,76
Saudi Arabia,75
EU external relations,75
Children in care,75
Foreign policy,75
Fossil fuels,75
Pupil premium,75
Crimes against the person,74
Demolition,74
Streatham,73
Cash dispensing,73
Cost effectiveness,73
Domicil,73
Eating disorders,73
Immigrants,73
"Bailey, Andrew",73
Entrepreneur's Relief,72
Fuel poverty,72
VAT exemptions,72
Army,72
Decriminalisation,72
Forests,72
Gambling,72
Lie detectors,72
Tax havens,72
European Union Select Committee (HL),71
UN Security Council,71
Service industries,71
Disinformation,71
Multi Agency Public Protection Arrangements Review,71
"Amman, Sudesh",71
Football,70
BBC World Service,69
Health hazards,69
Landfill,69
Negligence,69
National Crime Agency,69
Birmingham City Council,68
Arrests,68
Clinical trials,68
Dogs,67
Antisemitism,67
Counterfeit manufacturing,67
Gender recognition,67
Peers,67
Commonwealth Day,67
Coalition for Epidemic Preparedness Innovations,67
Malaysia,66
Decommissioning,66
Local plans,66
"Zaghari-Ratcliffe, Nazanin",66
Housing Infrastructure Fund,66
Africa,65
Occupied territories,65
Commonwealth Heads of Government Meeting,65
Deployment,65
Discipline,65
Economic growth,65
National insurance contributions,65
Veterinary medicine,65
Defence equipment,64
Thailand,63
Electricity generation,63
Public sector debt,63
Macao,62
Singapore,62
Health and Safety Executive,62
Churches,62
House of Lords composition,62
Knives,62
Nurseries,62
Ports,62
Terrorism prevention and investigation measures,62
European Convention on Human Rights,61
Medicines and Healthcare products Regulatory Agency,61
Treasury,61
Motorways,61
Public bodies,61
Shortages,61
EEA nationals,61
Metropolitan Police,60
Males,60
Torts,60
West Midlands,59
UNRWA,59
Compulsory purchase,59
Dental services,59
Development aid,59
Sovereignty,59
Legal aid scheme,58
Parental leave,58
Voting rights,58
Loneliness,58
Palestinian Authority,57
Farmers,57
Fiscal policy,57
Franchises,57
Local housing allowance,56
Accidents,56
Incinerators,56
Museums and galleries,56
Retrospective legislation,55
Flexible working,55
Opening hours,55
Supermarkets,55
Hydrogen,54
"Department for Business, Energy and Industrial Strategy",54
"Sabisky, Andrew",54
Fairtrade initiative,53
Department for Work and Pensions,53
Public health,53
Air force,53
Paedophilia,53
Rough Sleeping Review,52
Church of England,52
Broadcasting programmes,52
Computer software,52
Evidence,52
Political prisoners,52
Service charges,52
Dispute resolution,52
Building regulations,51
Investment,51
Military bases,51
Political impartiality,51
Video on demand,51
British Library Board,50
Children's centres,50
Female genital mutilation,50
Public service broadcasting,50
British Library,49
Afghanistan,49
Royal charters,49
St Patrick's Day,49
Foreign and Commonwealth Office,49
NHS trusts,49
Green belt,48
Pets,48
Social mobility,48
Food banks,48
Women's rights,47
Bail,47
Diseases,47
Social media,47
Surgery,47
Iraq,46
Contingencies Fund,46
Department for International Development,46
Per capita costs,46
National Federation of SubPostmasters,45
Deposits,45
Diagnosis,45
Family planning,45
Married couple's allowance,45
Attendance,44
Bank services,44
Civil proceedings,44
Members,44
Succession,44
Israeli settlements,44
Breast cancer,43
Customs,43
Festivals and special occasions,43
Harassment,43
Injuries,43
Marine animals,43
Retirement,43
Sexual harassment,43
Third sector,43
Tourism,43
Gangs,43
Correspondence,42
Money,42
Public appointments,42
Textbooks,42
Treaties,42
WH Smith,42
Paterson Inquiry,42
Retail prices index,41
Treaty of Lisbon,41
House of Commons,41
Lloyds Bank,41
Damage,41
Disqualification,41
Recipients,41
Social enterprises,41
Prison officers,41
"Paterson, Ian",41
General elections,40
Mining,40
East Kent Hospitals University NHS Foundation Trust,40
Healthcare Safety Investigation Branch,40
"Ministry of Housing, Communities and Local Government",40
Angling,39
Human remains,39
Gaza,39
West Bank,39
Heart of England NHS Foundation Trust,39
Military exercises,39
Religious discrimination,39
Spire Healthcare,39
Brecon,38
GCSE,38
Muslims,38
Scottish Government,38
Take-up,38
Timber,38
Non-native species,38
North East,37
Listed buildings,37
Pest control,37
Self-harm,37
Bahrain,36
HIV infection,36
Tata Steel,36
Capital punishment,36
Fish products,36
Industrial health and safety,36
Labour turnover,36
Primary health care,36
Theft,36
Timetables,36
Water,36
Clinical commissioning groups,36
Brain,35
GCE A-level,35
Birds,35
Building alterations,35
Competition,35
Hinduism,35
Human trafficking,35
Import controls,35
Mobile phones,35
Rolling stock,35
Temporary accommodation,35
Norway,34
Artificial intelligence,34
Clothing,34
Speed limits,34
Coronavirus job retention scheme,33
Post-traumatic stress disorder,33
Europol,33
Community orders,33
Policy,33
Transitional arrangements,33
Vocational education,33
Working class,33
Yemen,33
University technical colleges,33
Dyslexia,32
Jerusalem,32
Eurojust,32
First-tier Tribunal,32
Flags,32
Legal costs,32
Telephone services,32
Travellers,32
War widows,32
Welfare tax credits,32
Eels,31
Glasgow,31
Libya,31
Salmon,31
"Department for Environment, Food and Rural Affairs",31
Anniversaries,31
Caravan sites,31
Fires,31
Government,31
Journalism,31
Prescriptions,31
Reorganisation,31
Department for International Trade,31
"Department for Digital, Culture, Media and Sport",31
Exploitation,31
Public places,30
Arms trade,30
Life imprisonment,30
Misrepresentation,30
Police custody,30
Proof of identity,30
Road traffic,30
Unitary councils,30
NHS 111,30
North West,29
Housing benefit,29
Import duties,29
Management,29
Mayors,29
Membership,29
Pilot schemes,29
Primary education,29
Products,29
Psychiatry,29
Rape,29
Public Health England,29
Department of Health and Social Care,29
Corporation tax,28
Isle of Man,28
Northamptonshire,28
Religious hatred,28
Work capability assessment,28
Department for Transport,28
Banks,28
Civil liberties,28
Crown dependencies,28
Foreign investment in UK,28
Insects,28
Meters,28
Noise,28
Palliative care,28
Pharmacy,28
Photographs,28
Statistics,28
Palace of Westminster,28
Ash dieback disease,28
Sex and relationship education,28
Immigration officers,27
Greater Manchester Police,27
Manchester City Council,27
Abuse,27
Assets,27
Cleaning services,27
Consent to medical treatment,27
Councillors,27
Incitement,27
Magistrates,27
Parliamentary procedure,27
Pests,27
Pollution,27
Public interest,27
Resettlement,27
Snow and ice,27
Termination of employment,27
Bereavement leave,27
Off-payroll working,26
Middle East,26
Phytophthora ramorum,26
Remarriage,26
South East Asia,26
European Aviation Safety Agency,26
NATO,26
Victim Support,26
Contamination,26
Emergency services,26
Ethics,26
Fire and rescue services,26
Foster care,26
Minimum wage,26
Refuges,26
Select committees,26
Speech and language therapy,26
Squirrels,26
HM Inspectorate of Constabulary and Fire and Rescue Services,26
Oak processionary moth,26
Cambridge,25
Deer,25
Shropshire,25
Crown Prosecution Service,25
Ofsted,25
Scottish Affairs Select Committee,25
Annual reports,25
Departmental coordination,25
Driving,25
Mortality rates,25
Speech and language disorders,25
Wind power,25
Xylella,25
British national (overseas),24
Hormone replacement therapy,24
Pneumoconiosis,24
Halifax Bank of Scotland,24
Candidates,24
Cohabitation,24
Databases,24
Educational institutions,24
Genetic engineering,24
Inquiries,24
International law,24
Job creation,24
Recognition of states,24
Viral diseases,24
Working hours,24
Cetaceans,23
Leicestershire,23
National Lottery,23
Antisocial behaviour,23
Audit,23
Copyright,23
Cross border cooperation,23
Directors,23
Energy supply,23
Land use,23
Law,23
Holyhead Port,23
Business Banking Resolution Service,23
Child benefit,22
River Severn,22
United Kingdom,22
Law Commission,22
Administration of justice,22
Coroners,22
Dismissal,22
Electricity,22
Freedom of association,22
Interest rates,22
Magistrates' courts,22
Marketing,22
Medical records,22
Production,22
Property,22
Proscribed organisations,22
Stocks and shares,22
Tobacco,22
Vandalism,22
Visual impairment,22
"Cummings, Dominic",22
Asbestos,21
Mesothelioma,21
Corby District Council,21
Gambling Commission,21
Special Immigration Appeals Commission,21
Child rearing,21
Health visitors,21
Marriage,21
Military intervention,21
Public order,21
Railway network,21
Religious buildings,21
Science,21
Shares,21
Young offenders,21
Police and crime commissioners,21
Community Housing Fund,21
Japanese knotweed,21
Extinction Rebellion,21
Humanitarian situation,21
Game,20
Animal housing,20
Arrears,20
Batteries,20
Burglary,20
Crops,20
Free zones,20
Industrial diseases,20
Inflation,20
International organisations,20
Lump sum payments,20
Overseas visitors,20
Recovery of costs,20
Secondary education,20
Video equipment,20
Weed control,20
Written questions,20
Department for Education,20
Terminal illnesses,20
Freezing of assets,20
Care leavers,20
Sino-British Joint Declaration,20
Chester-le-Street,19
burials,19
charrities,19
Kashmir,19
Morocco,19
Public lavatories,19
Wylfa power station,19
Great Western Railway,19
First TransPennine Express,19
EU action,19
United Nations,19
Accountancy,19
Buses,19
Dependants,19
Drinks,19
Hill farming,19
Languages,19
Local press,19
Nuclear power stations,19
Rule of law,19
Weather,19
Zimbabwe,19
Guardian's allowance,19
Alternatives to prosecution,19
Rohingya,19
Type 31 frigates,19
Parliamentary Works Sponsor Body,19
Cattle,18
Coventry,18
Harlow,18
Pension credit,18
Pigs,18
Offshore funds,18
Agricultural machinery,18
Ambulance services,18
Credit cards,18
Hearing impairment,18
Nuclear weapons,18
Surcharges,18
Unemployment,18
Voluntary organisations,18
Centre for Data Ethics and Innovation,18
Children and families,18
Bangladesh,17
Midlands,17
Pupil referral units,17
UK Export Finance,17
National Audit Office,17
Ministry of Justice,17
Royal Bank of Scotland,17
PKK,17
Animal products,17
Catering,17
Electronic publishing,17
European Union,17
Functions,17
Home education,17
Intelligence services,17
Interpreters,17
Medicine,17
Publications,17
Sewage,17
Sexually transmitted infections,17
Surveys,17
Highways England,17
"Khan, Sonia",17
Sonnenkrieg Division,17
English Channel,16
Newcastle-under-Lyme,16
South Yorkshire,16
Cemeteries,16
Civil service,16
Disciplinary proceedings,16
Financial markets,16
Historic buildings,16
Holiday accommodation,16
Industrial disputes,16
Large goods vehicles,16
Legal opinion,16
Lotteries,16
Odour pollution,16
Pensioners,16
Personal injury,16
Sub post offices,16
Tribunals,16
Guaranteed minimum pensions,16
Reservoirs,16
Sustainability of the Press Review,16
Adoption Support Fund,16
Netflix,16
Contact orders,15
Crossrail line,15
Europe,15
Locusts,15
Poultry,15
Migrant camps,15
Self-defence,15
Sudan,15
Cavity Insulation Guarantee Agency,15
Advocacy,15
Census,15
Consultants,15
Courts martial,15
Electoral register,15
Emergencies,15
Entry clearances,15
Frigates,15
Government responses,15
Non-governmental organisations,15
Northern Ireland government,15
Offices,15
Ombudsman,15
Political parties,15
Reparation by offenders,15
Second homes,15
Smuggling,15
Storage,15
Dividend tax credits,15
BBC News,15
Marine environment,15
Parliamentary estate,15
Gay conversion therapy,15
"Gould, Ellie",14
Twyford,14
Air Accidents Investigation Branch,14
BBC Monitoring,14
Cameroon,14
East Africa,14
Maidenhead,14
Rugby (sport),14
Highlands and Islands Airports,14
EU external trade,14
World Health Organisation,14
Letting agents,14
Cooperatives,14
Disability aids,14
Employment schemes,14
Genito-urinary medicine,14
Maintenance,14
Overcrowding,14
Property development,14
Public libraries,14
Road signs and markings,14
School choice,14
Subversion,14
Youth services,14
"Lugovoi, Andrei",14
Crewe,14
Erasmus+ programme,14
"Kovtun, Dmitri",14
"Sala, Emiliano",14
"Ibbotson, David",14
UK Government-Northern Ireland Executive Joint Board,14
EU law and treaties,14
British Museum,13
Electronic cigarettes,13
Parthenon sculptures,13
Fujitsu,13
Roma,13
Public Works Loan Board,13
Reserve Forces and Cadets Association,13
Rural Payments Agency,13
Babies,13
Central government,13
Podiatry,13
Community development,13
Contraceptives,13
Destroyers,13
Forecasts,13
Infectious diseases,13
Judiciary,13
Litter,13
Military aircraft,13
Military alliances,13
Sign language,13
Trade unions,13
Visits abroad,13
Warships,13
Witnesses,13
Risk management,13
"Ramadan, Mohamed",13
Places of Worship Security Funding Scheme,13
"Moosa, Husain",13
Democratic Republic of Congo,12
Sri Lanka,12
VE Day,12
IKEA,12
SG First Minister,12
Bridges,12
Broadcasting,12
Conflict of laws,12
Constituencies,12
Donors,12
Family law,12
Family proceedings,12
Film,12
Home shopping,12
In vitro fertilisation,12
Interviews,12
Physical education,12
Public holidays,12
Reserve forces,12
UN resolutions,12
Utilities,12
Convention on Choice of Court Agreements,12
Drug resistance,12
Energy intensive industries,12
Hague Convention on the International Recovery of Child Support and Other Forms of Family Maintenance,12
"Hague Convention on Jurisdiction, Applicable Law, Recognition, Enforcement and Co-operation in respect of Parental Responsibility and Measures for the Protection of Children",12
Religion of Peace,12
Environmental protection,12
Hammersmith bridge,11
Asia,11
Compost,11
Diabetes,11
France,11
Gibraltar,11
Lugano Convention,11
Special guardianship orders,11
Staffordshire,11
Western Sahara,11
WHO Framework Convention on Tobacco Control,11
International Military Services,11
Adoption,11
Animals,11
Arbitration,11
Bankruptcy,11
Block grant,11
Disaster relief,11
Domestic visits,11
Electrification,11
Family courts,11
Increases,11
Marriage guidance,11
Musicians,11
National income,11
Pesticides,11
Prison accommodation,11
Protest,11
Road traffic offences,11
Seabed,11
Torture,11
Trials,11
Pancreatic cancer,11
Lung diseases,11
British Business Bank,11
Islamic State,11
Home country nationals,11
Child Maintenance Service,11
Breakdown vehicles,10
Quintessentially,10
Buckinghamshire,10
Cannabis,10
Cayman Islands,10
Consumer prices index,10
Convention on the International Protection of Adults,10
Egypt,10
Hyperactivity,10
Jobseeker's allowance,10
Kingston upon Hull,10
Northwick Park Hospital,10
Ukraine,10
Intelligence and Security Committee,10
Biofuels,10
Bureaucracy,10
Clinics,10
Conferences,10
Credit,10
Dairy farming,10
Deductions,10
Driving instruction,10
Electronic voting,10
Environmental impact assessment,10
Graduates,10
Intercountry adoption,10
Legal profession,10
Licensing laws,10
Military decorations,10
Monetary policy,10
Operating costs,10
Prize money,10
Probate,10
Reserved matters,10
Royal prerogative,10
Taxis,10
Trains,10
War pensions,10
Council of Europe Convention on Preventing and Combating Violence against Women and Domestic Violence,10
Green deal scheme,10
Defence policy,10
Time limits on speeches,10
Dyspraxia,10
Tinnitus,10
4G,10
Child Safeguarding Practice Review Panel,10
Parliamentary Digital Service,10
Election offences,10
Life sciences,10
Antimicrobials,10
Client money protection,10
International trade,10
Brazil,9
Cornwall,9
Cyprus,9
Dredging,9
Jordan,9
Kurds,9
Malnutrition,9
Rushcliffe,9
Work experience,9
CDC,9
European Court of Justice,9
Hampshire Constabulary,9
EU defence policy,9
National Institute for Health and Care Excellence,9
Network Rail,9
Contributions,9
Debates,9
Debt collection,9
Emergency calls,9
Engineering,9
First time buyers,9
Genocide,9
Helicopters,9
Infant mortality,9
Judges,9
Judicial review,9
Landlord and tenant,9
Licensed premises,9
Literacy,9
Meetings,9
National insurance,9
Nationalisation,9
Overseas companies,9
Passports,9
Peacekeeping operations,9
Radio,9
Self-determination of states,9
Shared housing,9
Temporary employment,9
Backbench debates,9
M25,9
South Sudan,9
Private Infrastructure Development Group,9
"Javid, Sajid",9
List of ministerial responsibilities,9
Health staff and professions,9
Blackpool,8
Colombia,8
Fly-tipping,8
Liver diseases,8
MMR vaccine,8
Nottingham,8
South West,8
Turks and Caicos Islands,8
Employment Tribunals Service,8
Combat Stress,8
Google,8
Minister for Women and Equalities,8
National Wildlife Crime Unit,8
Northern Ireland Office,8
World Trade Organisation,8
Aerospace industry,8
Aircraft,8
Airguns,8
Blood,8
Breastfeeding,8
Cars,8
Charter flights,8
Court orders,8
Cultural heritage,8
Degrees,8
Embassies,8
Fire regulations,8
Forced labour,8
Health centres,8
Horticulture,8
Lone parents,8
Motions,8
Oaths and affirmations,8
Personal records,8
Petrol,8
Pre-payment,8
Public participation,8
Quarrying,8
Road traffic control,8
Slaughterhouses,8
Tax yields,8
Trade competitiveness,8
Transplant surgery,8
Trespass,8
Backbench Business Committee,8
Walking,8
Crowdfunding,8
Stormont House Agreement,8
Help to buy scheme,8
Maritime patrol aircraft,8
Home Energy and Lifestyle Management,8
Child arrangements orders,8
Department for Exiting the European Union,8
Listed events,8
Out-of-school education,8
Infected Blood Inquiry,8
Hospital ships,8
Persecution of Christians across the Globe Independent Review,8
Biometric residence permits,8
Children's social services,8
Incomes and poverty,8
Members of Parliament,8
Research and innovation,8
Mount Vernon Cancer Centre,7
Pilsey,7
Academies,7
Antibiotics,7
Bovine tuberculosis,7
Derbyshire,7
Global navigation satellite systems,7
House of Lords chamber,7
Iceland,7
Incontinence,7
Irish Sea,7
Kuwait,7
Leadership,7
Leeds,7
Liverpool,7
Menopause,7
Mutual societies,7
Rwanda,7
Sheffield,7
Epsom and St Helier University Hospitals NHS Trust,7
Institute of Chartered Accountants in England and Wales,7
Financial Services Compensation Scheme,7
EU budget,7
National Probation Service for England and Wales,7
Office for Disability Issues,7
Parliamentary and Health Service Ombudsman,7
Scotland Office,7
Lord Chancellor,7
Adult education,7
Armoured fighting vehicles,7
Basic skills,7
Childminding,7
Childbirth,7
Community relations,7
Consumer goods,7
Corruption,7
Crimes against humanity,7
Crown Court,7
Discharges,7
Divisions,7
Educational visits,7
Electrical safety,7
Employees' contributions,7
Entertainers,7
Equipment,7
Export controls,7
Glass,7
History,7
Home care services,7
Housing associations,7
Infant foods,7
Ministerial duties,7
Ministers of religion,7
Multiple occupation,7
Nutrition,7
Organic farming,7
Owner occupation,7
Packaging,7
Pedestrian areas,7
Police stations,7
Postal services,7
Postgraduate education,7
Preventive medicine,7
Profits,7
Re-employment,7
Road works,7
Shellfish,7
Shoplifting,7
Social security,7
Solar power,7
Special constables,7
Sports competitors,7
Trade marks,7
Woodworking,7
Ovarian cancer,7
Office for Budget Responsibility,7
Porton Down,7
Free schools,7
Thames Valley,7
Court of Justice of the European Union,7
Infrastructure and Projects Authority,7
Services Select Committee (HL),7
Northern rail franchise,7
Grenfell Tower,7
GP surgeries,7
Wood-burning stoves,7
Proxy voting,7
Conduct Select Committee (HL),7
National College for Advanced Transport and Infrastructure,7
Expert trade advisory groups,7
Benefits policy,7
EU institutions,7
International economic relations,7
Bradford University,6
Access to work programme,6
Ballot papers,6
East coast railway line,6
Gambia,6
Great Grimsby,6
Horses,6
Kent,6
Pet travel scheme,6
Shared ownership schemes,6
Somerset,6
Stamp duty land tax,6
Stoke on Trent,6
Trident,6
United Arab Emirates,6
Whisky,6
Equitable Life Assurance Society,6
Independent Case Examiner,6
Low Pay Commission,6
Mayor of London,6
Office for National Statistics,6
Wales Office,6
Southern,6
Taliban,6
Areas of outstanding natural beauty,6
Certification,6
Charitable donations,6
Church schools,6
Consumption,6
Criminal law,6
Documents,6
Ecology,6
Educational exchanges,6
Estate agents,6
Fireworks,6
Foreign aid,6
Forestry,6
Fundraising,6
Hereditary diseases,6
Indigenous peoples,6
Insurance companies,6
Jobcentres,6
Justices' clerks,6
Markets,6
Maternity pay,6
Mergers,6
Minimum prices,6
Ministerial powers,6
Offensive weapons,6
Official secrets,6
Parish councils,6
Police authorities,6
Prisoners' transfers,6
Public opinion,6
Public service,6
Racial discrimination,6
Redundancy pay,6
Sanitation,6
Supported housing,6
Tenants' rights,6
Trade promotion,6
Video games,6
Cobalt,6
Concrete,6
Warm home discount scheme,6
Type 23 frigates,6
Armed forces covenant,6
NHS Property Services,6
Military operations,6
Interserve,6
Energy companies obligation,6
Humanism,6
Chartered Institute of Legal Executives,6
Community rehabilitation companies,6
English votes for English laws,6
Small Business Commissioner,6
National Citizen Service Trust,6
Grenfell Tower Inquiry,6
Emergency services network,6
Building Regulations and Fire Safety Independent Review,6
Red Arrows,6
Agency workers,6
Community first responders,6
Rail Review,6
Period poverty,6
Towns Fund,6
Office for Veterans' Affairs,6
Domestic Abuse Commissioner,6
UK-Africa Investment Summit,6
"Moore-Gilbert, Kylie",6
Independent Serious Case Panel,6
Business support,6
Child care,6
Legislative process,6
Local authorities: education,6
Cawdor Barracks,5
Mid and South Essex Health and Care Partnership,5
Amazon,5
Aberavon,5
Arctic,5
Bees,5
Blue badge scheme,5
Blyth Valley,5
Canada,5
Capital gains tax,5
Carbon monoxide,5
Compressed natural gas,5
Disabled facilities grants,5
East Midlands,5
Elephants,5
Flour,5
Germany,5
Greek Islands,5
Inheritance tax,5
Inshore fisheries and conservation authorities,5
Isle of Wight,5
Joint strike fighter aircraft,5
Leprosy,5
Luton,5
NHS walk-in centres,5
North Wales,5
Peat,5
Portsmouth,5
Prizes,5
Prostate cancer,5
Rayleigh,5
Rendition,5
Rent a room scheme,5
Romford,5
Somalia,5
South East,5
Stun guns,5
Winter fuel payments,5
Yarl's Wood Immigration Removal Centre,5
Essex County Council,5
Capita,5
Charity Commission,5
Church Commissioners,5
Independent Parliamentary Standards Authority,5
Ofgem,5
Monetary Policy Committee,5
UK membership of EU,5
Northern Ireland Executive,5
Organisation for Economic Cooperation and Development,5
Prison Service,5
S4C,5
Thomas Cook,5
Transport for London,5
Upper Tribunal,5
Welsh Government,5
Addresses to the Crown,5
Allergies,5
Allowances,5
Audio recordings,5
Budgets,5
Business premises,5
Bypasses,5
Career development,5
Clergy,5
CCTV,5
Damages,5
Dangerous driving,5
Democracy,5
Diesel fuel,5
Diplomatic immunity,5
Exercise,5
Foreign companies,5
Genetics,5
Governing bodies,5
Guardianship,5
Honours,5
Identity cards,5
Incentives,5
Legal representation,5
Merchant shipping,5
Ministerial responsibility,5
Mobility,5
Order of business,5
Origin marking,5
Part-time employment,5
Pedestrians,5
Personal care services,5
"Personal, social, health and economic education",5
Plants,5
Population,5
Radiotherapy,5
Recess,5
"Registration of births, deaths, marriages and civil partnerships",5
Religious persons,5
Restraint techniques,5
Right of abode,5
Royal family,5
Sexuality,5
Sites of special scientific interest,5
Solid fuels,5
Take-away food,5
Video recordings,5
War crimes,5
Water companies,5
Wrecks,5
Oxford,5
"Johnson, Boris",5
Rare diseases,5
Employee ownership,5
UK Visas and Immigration,5
Action Fraud,5
Food poverty,5
Maternity allowance,5
Child Sexual Abuse Independent Panel Inquiry,5
VJ Day,5
Physician associates,5
Clean air zones,5
Entrepreneurs' relief,5
Finance Select Committee (HL),5
Euston Station,5
Sharing economy,5
Night shelters,5
Joint replacements,5
Ahmadiyya,5
Prison and Probation Service,5
South western rail franchise,5
Ellesmere Port,5
Postnatal care,5
Trade remedies,5
Homes England,5
Menorrhagia,5
Knife crime prevention orders,5
Drugs Independent Review,5
EnAble Fund for Elected Office,5
Low Carbon Hydrogen Production Fund,5
Mount Vernon Hospital Northwood,5
Youth Investment Fund,5
Horizon Europe,5
Crematoriums,5
South Yorkshire Joint railway line,5
Agriculture and environment,5
Constitution,5
Defence equipment and procurement,5
Health education and preventive medicine,5
Public administration,5
Religion and faith communities,5
A52,4
Cromer Hospital,4
M66,4
Stoke Mandeville,4
Westmorland Hospital,4
Aluminium,4
Asthma,4
Attendance allowance,4
Badgers,4
Barnet,4
Belfast Agreement,4
Bingo,4
Bosnia and Herzegovina,4
Burnley,4
Camberwell and Peckham,4
Cervical cancer,4
Chickenpox,4
Child tax credit,4
Clacton,4
Croydon,4
Czechia,4
Disability living allowance,4
Disabled students' allowances,4
England,4
Falkland Islands,4
Falun Gong,4
Guyana,4
High Peak,4
Hinkley Point C power station,4
House of Commons galleries,4
Human papillomavirus,4
Individual savings accounts,4
Indonesia,4
CÃ´te d'Ivoire,4
Kettering Hospital,4
Lebanon,4
Lesbian Gay Bisexual Trans History Month,4
Lincoln,4
Logistics,4
Merseyside,4
Milk,4
Nappies,4
Neighbourhood watch schemes,4
North East Bedfordshire,4
North Sea,4
North Warwickshire,4
Northern Cyprus,4
Norwich,4
Pepper spray,4
Putney,4
Rhondda,4
Sahel,4
Schengen Agreement,4
Spirits,4
Suffolk,4
Surrey,4
Sutton,4
Tower Hamlets,4
Treaty on European Union,4
Unpaid work,4
Venezuela,4
West Yorkshire,4
Wines,4
World War II,4
Electoral Commission,4
CAFCASS,4
Conservation Board for the Chilterns Area of Outstanding Natural Beauty,4
COE Parliamentary Assembly,4
Communication Workers Union,4
Human Tissue Authority,4
Government Equalities Office,4
International Court of Justice,4
Motability,4
National Assembly for Wales,4
Mildmay International,4
Mineworkers' Pension Scheme,4
Northern Ireland Assembly,4
Ofqual,4
Privileges and Conduct Select Committee (HL),4
Procedure Select Committee (HL),4
Royal Fleet Auxiliary,4
UK Statistics Authority,4
Automation,4
Baby care units,4
Beaches,4
Begging and vagrancy,4
Bereavement benefits,4
Bombings,4
Collective worship,4
Cooperation,4
Cost benefit analysis,4
Council housing,4
Countryside,4
Diplomatic relations,4
Domestic appliances,4
Exhumation,4
Factories,4
Fertility,4
Foreign exchange,4
Forms,4
Freedom of circulation,4
Freehold,4
Fruit,4
Grandparents,4
Homosexuality,4
Inland waterways,4
Interest charges,4
Juries,4
Abduction,4
Labour mobility,4
Land mines,4
Local broadcasting,4
Managers,4
Mathematics,4
Means-tested benefits,4
Minerals,4
Mothers,4
Non-departmental public bodies,4
Nuclear submarines,4
Occupational health,4
Officers,4
Overseas loans,4
Overseas workers,4
Paramedical staff,4
Parking offences,4
Parliamentary papers,4
Patients' rights,4
Personal savings,4
Plastic surgery,4
Polling stations,4
Press,4
Queen's speech,4
Reading,4
Recordings,4
Rights of accused,4
Safety measures,4
Security guards,4
Shipbuilding,4
Solicitors,4
Strikes,4
Surveillance,4
Tagging,4
Tourists,4
Trade barriers,4
Tumours,4
Unfair dismissal,4
Vans,4
Vehicles,4
Water treatment,4
Wave power,4
Wheelchairs,4
Wind,4
Payroll deduction scheme,4
Cerebral palsy,4
Dudley,4
Habitual residence test,4
"Canterbury, Archbishop",4
Folic acid,4
Great Western railway line,4
Groceries Code Adjudicator,4
Boko Haram,4
UK Border Force,4
Fracking,4
Police Scotland,4
Legal Aid Agency,4
NHS Improvement,4
Facebook,4
Combined authorities,4
Govia Thameslink Railway,4
Openreach,4
Parliament's Education Centre,4
e-petitions,4
Pre-sentence reports,4
Office for Students,4
HMS Queen Elizabeth,4
East Midlands rail franchise,4
National Holocaust Memorial Centre and Learning Service,4
Money service businesses,4
GovTech Fund,4
Post-18 Education and Funding Review,4
Clarion Housing Group,4
Regulator of Social Housing,4
Scottish limited partnerships,4
RAF Valley,4
Maidstone railway line,4
"Khashoggi, Jamal",4
Lithium,4
"Gavi, the Vaccine Alliance",4
Non-surgical cosmetic procedures,4
Strait of Hormuz,4
Victoria Tower Gardens,4
HMS Prince of Wales,4
Home visits,4
General Election 2019,4
High Speed Rail (West Midlands-Crewe) Bill Select Committee (HL),4
"Constitution, Democracy and Rights Commission",4
"Ashouri, Anousheh",4
West Midlands Ambulance Service University NHS Foundation Trust,4
easitNETWORK,4
Hikvision,4
Procedure and Privileges Select Committee (HL),4
Common Agricultural Policy,4
Emergencies and disaster management,4
Family benefits,4
Health finance,4
Housing benefits,4
International politics and government,4
Members of the Lords,4
"Sickness, disability and carers' benefits",4
Chilterns,3
Leicester Hospital,3
Patient Access to Medicines Partnership,3
Police covenant,3
Service Justice System Review,3
Tocilizumab,3
Arts Council England,3
Blackpool Borough Council,3
Aggregates,3
Air passenger duty,3
Amendments and new clauses,3
Amritsar massacre,3
Anti-terrorism control orders,3
Athletics,3
Beef,3
Blood tests,3
Braille,3
British Indian Ocean Territory,3
Burkina Faso,3
Burundi,3
Carer's allowance,3
Caribbean,3
Chinook helicopters,3
Climate change levy,3
Clyde naval base,3
Cocaine,3
Coeliac disease,3
Congleton,3
D-Day landings,3
Diesel engines,3
Dorset,3
Eggs,3
Employee benefit trusts,3
Epilepsy,3
Eritrea,3
Family conciliation services,3
Food technology,3
Haiti,3
Hampshire,3
Horse racing,3
Hunting,3
Jarrow,3
Kidneys,3
Leicester,3
London City Airport,3
Lung cancer,3
Mali,3
Midlothian,3
Muscular dystrophy,3
Newport West,3
North Korea,3
North West Durham,3
Personal names,3
Police national database,3
Portsmouth International Port,3
Private finance initiative,3
Rabies,3
Sea level,3
Sikhs,3
Southwark,3
Sutton Coldfield,3
Switzerland,3
Tourist attractions,3
UN Convention against Torture,3
UN Convention on Biological Diversity,3
Wetlands,3
Nuts,3
Equality and Human Rights Commission,3
Conservative Party,3
Consolidation Bills Joint Select Committee,3
House of Lords Commissioner for Standards,3
Committee on Climate Change,3
Competition Appeal Tribunal,3
Human Fertilisation and Embryology Authority,3
Independent Reviewer of Terrorism Legislation,3
Information Commissioner,3
Defence Select Committee,3
Dudley College,3
Durham Constabulary,3
European Commission,3
European Court of Human Rights,3
European Medicines Agency,3
European Parliament,3
European Scrutiny Select Committee,3
FareShare,3
Finance Select Committee,3
Food Standards Agency,3
Football Association Premier League,3
Hamas,3
Health Inequalities in England Post-2010 Strategic Review,3
International Criminal Court,3
IRA,3
Israel Defense Forces,3
Kent and Medway NHS and Social Care Partnership Trust,3
Migrant Help,3
Natural England,3
Northamptonshire County Council,3
Ofwat,3
Oxfam,3
Portsmouth City Council,3
Scottish Parliament,3
Equality Commission for Northern Ireland,3
Thames Valley Police,3
UN High Commissioner for Refugees,3
UN Office for the Coordination of Humanitarian Affairs,3
Additives,3
Aircraft carriers,3
Alcoholism,3
Animal breeding,3
Arms control,3
Attachment of earnings,3
Biodegradability,3
Bomb disposal,3
Cabinet,3
Cadets,3
Casinos,3
Company cars,3
Company liquidations,3
Competition law,3
Cost of living,3
Curfews,3
Dams,3
Debts written off,3
Defaulters,3
Defence estimates,3
Detection rates,3
Direct selling,3
Driver information systems,3
Dual nationality,3
Dumping,3
Early day motions,3
Economic and monetary union,3
Electorate,3
Electronic surveillance,3
Email,3
Employers' contributions,3
Engineers,3
Engines,3
Entertainments,3
Espionage,3
Faith schools,3
Fertilisers,3
Fish,3
Fish farming,3
Foreign students,3
Fringe benefits,3
Fuel oil,3
Garages and petrol stations,3
Government bills,3
Government securities,3
Hearing,3
Hostels,3
House insurance,3
Housing improvement,3
Hydroelectric power,3
International assistance,3
Intestacy,3
Intimidation,3
Junior doctors,3
Jurisdiction,3
Laboratories,3
Lighting,3
Loan guarantee scheme,3
Large goods vehicle drivers,3
Medals,3
Military police,3
Mobile homes,3
National parks,3
Nature reserves,3
OECD countries,3
Official report,3
Offshore drilling,3
Oral questions,3
Overpayments,3
Pain,3
Parental responsibility,3
Parliamentary privilege,3
Patents,3
Payment methods,3
PAYE,3
Peers' staff,3
Performing arts,3
Personal pensions,3
Alternative fuels,3
Poisoning,3
Police brutality,3
Pornography,3
Prisoner escapes,3
Private members' bills,3
Psychology,3
Public bills,3
Public inquiries,3
Racial hatred,3
Respiratory system,3
Self-assessment,3
Sex,3
Shared ownership,3
Shorthold tenancies,3
Smallholdings,3
Space technology,3
Sportsgrounds,3
Student numbers,3
Surveying,3
Tenancy agreements,3
Territorial waters,3
Timetabling of bills,3
Tomography,3
Travel agents,3
Trusts,3
Tunnels,3
Ultrasonics,3
Underground railways,3
Unpaid fines,3
Unpaid taxes,3
Veterinary services,3
Voting methods,3
Work permits,3
Youth centres,3
Paracetamol,3
York,3
Youth mobility scheme,3
Zoonoses,3
Maidstone,3
Prudential Regulation Authority,3
Pneumonia,3
River Thames,3
Sunderland,3
Forfeiture,3
Trading standards,3
"Elystan-Morgan, Lord",3
Blood cancer,3
King's College Hospital,3
Statutory instruments,3
Housing supply,3
East-West rail link,3
Written statements,3
Flexible Support Fund,3
Electronic training aids,3
College of Policing,3
Fast food,3
Select Committee statements,3
Traffic officers,3
Family Drug and Alcohol Court,3
National College for High Speed Rail,3
Pneumococcal diseases,3
International Men's Day,3
Local growth deals,3
Global High-level Conference on Road Safety,3
Future Reserves 2020 External Scrutiny Team,3
Women against State Pension Inequality,3
Breakfast clubs,3
Bereavement counselling,3
Embryos,3
Gangmasters and Labour Abuse Authority,3
Sexting,3
Seafood,3
Northern Ireland renewable heat incentive scheme,3
National Preventive Mechanism,3
Bereavement support payment,3
Roadchef,3
Encephalitis,3
Northern,3
National Guardian's Office,3
Mental Health Act 1983 Independent Review,3
NHS Resolution,3
"Baker, Jermaine",3
Car washes,3
Ministry of Defence Votes A,3
European Statutory Instruments Select Committee,3
Future High Streets Fund,3
Bullying and Harassment in the House of Lords Independent Inquiry,3
Domestic Abuse Draft Bill Joint Select Committee,3
Creative Europe,3
Amazon Web Services,3
Parenteral nutrition,3
Calea,3
National retraining scheme,3
Independent complaints and grievance scheme,3
National Skills Fund,3
RAF Scampton,3
UK Government Union Capability Independent Review,3
Queen Elizabeth the Queen Mother Hospital Margate,3
Climate Change Cabinet Committee,3
Georg Eckert Institute for International Textbook Research,3
Anaesthesia associates,3
Per- and polyfluorinated alkyl substances,3
Paediatric acute-onset neuropsychiatric syndrome,3
"Asim, Qari",3
Windmills,3
Burial and cremation,3
Civil law,3
Energy conservation,3
EU political integration,3
Information technology,3
International development,3
Internet and cybercrime,3
Medical ethics,3
Patient rights and complaints,3
Sports and Olympic Games,3
World economy,3
A47,2
A63,2
A68,2
ARM Cement,2
Action Cerebral Palsy,2
Administrative Court,2
Bassetlaw Hospital,2
Blackpool Victoria Hospital,2
Cape Wrath,2
Chinley,2
Crawley Clinical Commissioning Group,2
Ecolution Group,2
Grantham Hospital,2
Gross Negligence Manslaughter and Culpable Homicide Independent Review,2
Hanbury Strategy,2
Hinckley Academy and John Cleveland Sixth Form Centre,2
Holyhead,2
Horsham and Mid Sussex Clinical Commissioning Group,2
Hydrology,2
Jermaine Baker Inquiry,2
Jingye Group,2
Kidsgrove Sports Centre,2
Kingston Hospital,2
Light Rail Safety and Standards Board,2
Lowestoft,2
MOD Stafford,2
Newton Europe,2
North Wales Coast railway line,2
Palestinian Islamic Jihad,2
Polystyrene,2
Prestolee,2
River Windrush,2
Royal Shrewsbury Hospital,2
South Oxfordshire,2
Stonelaw High School Glasgow,2
Tim Parry Johnathan Ball Peace Foundation,2
"Tolson, Robin",2
Trauma,2
Uckfield,2
Warwick,2
Whaley Bridge,2
Whitstable,2
William Harvey Hospital Ashford,2
Withdrawal Agreement Joint Committee,2
dicrimination,2
festivals and special occassions,2
repatiation,2
ACL,2
Advertising Standards Authority,2
Advocate General for Scotland,2
Agriculture and Horticulture Development Board,2
al Qaeda,2
Annington Homes,2
Association of British Insurers,2
Attorney General,2
Barclays,2
Boeing,2
British Irish Council,2
10 Downing Street,2
Absent parents,2
After school clubs,2
Aggregates levy,2
Ammonia,2
Ammonium nitrate,2
Analgesics,2
Austria,2
Bats,2
Bedford,2
Bedfordshire,2
Belfast City Airport,2
Bosworth,2
Bridgend,2
Bromley,2
Bury North,2
Cambridgeshire,2
Carbon dioxide,2
Cats,2
Central African Republic,2
Charter of Fundamental Rights (EU),2
Christmas,2
City of Westminster,2
Cold weather payments,2
Colne Valley,2
Countryside stewardship scheme,2
Coventry North West,2
Cricket,2
Cryptography,2
Culham,2
Dengue fever,2
Departmental expenditure limits,2
Dewsbury,2
Disability premium,2
Domestic violence protection orders,2
Down's syndrome,2
Drug seizures,2
Earnings limits,2
East of England,2
Ecuador,2
Edinburgh,2
Electronic commerce,2
Energy performance certificates,2
Enfield,2
Essex,2
European economic area,2
Feed-in tariffs,2
Foundation courses,2
Gatwick Airport,2
Geneva Conventions,2
Gloucestershire,2
Gold,2
Harrow,2
Hazel Grove,2
Heart diseases,2
Hebron,2
Hepatitis,2
Highlands of Scotland,2
Homework,2
Homophobia,2
House of Lords galleries,2
Humberside,2
Influenza,2
Insulin,2
Interest payments,2
Iraq conflict,2
Isles of Scilly,2
Kensington,2
Kenya,2
Latin America,2
Leicester East,2
Lincolnshire,2
Liquefied petroleum gas,2
Loughborough,2
Low emission zones,2
Malaria,2
Malawi,2
Maldives,2
Mauritius,2
Methodology,2
Mexico,2
Microfinance,2
Musculoskeletal disorders,2
Nicaragua,2
Nickel,2
Nitrates,2
Nitrogen dioxide,2
Nitrogen oxides,2
Norfolk Island,2
North Norfolk,2
Nottinghamshire,2
Peterborough,2
Philippines,2
Political activities,2
Polychlorinated biphenyl,2
Poole,2
Portcullis House,2
Primates,2
Renewable transport fuel obligation,2
Robin Hood Airport Doncaster Sheffield,2
Rules of engagement,2
Rules of origin,2
Rutland and Melton,2
Seals,2
Select Committee reports,2
Severe disability premium,2
Sickle cell diseases,2
Sierra Leone,2
Slovenia,2
Somaliland,2
Special areas of conservation,2
Special protection areas,2
St Helena,2
Stirling,2
Stoke-on-Trent North,2
Sub-Saharan Africa,2
Sugar,2
Sussex,2
Swimming,2
Syringes,2
Tanzania,2
Time limits,2
Trident submarines,2
Tristan da Cunha,2
Tuberculosis,2
UK delegations,2
Warwickshire,2
West Africa,2
Wrekin,2
Offshore trusts,2
Olympic Games,2
British Standards Institution,2
British Steel,2
British Transport Police,2
Business Appointments Advisory Committee,2
Economic Affairs Select Committee (HL),2
Energy Ombudsman,2
EU Agriculture and Fisheries Council,2
Christ Church College,2
Cobra,2
Consolidated Fund,2
Coroner Service,2
HM Inspectorate of Probation,2
House of Commons Liaison Committee,2
Housing Ombudsman Service,2
Committee on the Grant of Honours Decorations and Medals,2
Commonwealth Secretariat,2
Huddersfield University,2
Human Rights Joint Select Committee,2
Council of Europe,2
DMGT,2
Defence Fire and Rescue Service,2
Driver and Vehicle Licensing Agency,2
Duchy of Cornwall,2
European Investment Bank,2
Football League,2
High Court,2
General Medical Council,2
Irish Data Protection Commissioner,2
Judicial Appointments and Conduct Ombudsman,2
Labour Party,2
Land Registry,2
Local Government Association,2
London Assembly,2
London Metal Exchange,2
London Underground,2
Motor Insurers Bureau,2
Medical Protection Society,2
EU aid,2
EU transport policy,2
County Durham,2
National Farmers Union,2
NHS Blood and Transplant,2
Nike,2
Northern Ireland Affairs Select Committee,2
Northern Ireland Human Rights Commission,2
Nottinghamshire Police,2
Nuclear Decommissioning Authority,2
Oxford University,2
PwC,2
Procedure Select Committee,2
Public Health Laboratory Service,2
Royal Irish Regiment,2
Royal Marsden NHS Foundation Trust,2
Royal Ulster Constabulary,2
Scottish Grand Committee,2
Security Industry Authority,2
Student Loans Company,2
Thales,2
Treasury Select Committee,2
Ulster Defence Regiment,2
UN General Assembly,2
UN Human Rights Council,2
UNISON,2
Unite,2
Universities and Colleges Admissions Service,2
University and College Union,2
Valuation Office Agency,2
Vauxhall Motors,2
Virgin Media,2
World Economic Forum,2
World Meteorological Organisation,2
Youth Justice Board,2
Welsh Affairs Select Committee,2
Absent voting,2
Absenteeism,2
Acquittals,2
Actors,2
Aerials,2
Aerosols,2
Age of criminal responsibility,2
Ageing,2
Air ambulance services,2
All party groups,2
Alternatives to prison,2
Antiship missiles,2
Arson,2
Assassination,2
Bank cards,2
Behaviour disorders,2
Betting shops,2
Bicycles,2
Biology,2
Bombs,2
Boundary commissions,2
Campaigns,2
Capital,2
Care proceedings,2
Ceramics,2
Cereals,2
Children's rights,2
Civil service agencies,2
Colleges of education,2
Commodity markets,2
Common land,2
Communication,2
Company accounts,2
Conflict of interests,2
Continuing care,2
Conveyancing,2
Cosmetics,2
Credit reference agencies,2
Credit unions,2
Criminal liability,2
Disposable income,2
Distance learning,2
Distribution,2
Divers,2
Double taxation,2
Drinking water,2
Driving tests,2
Earthquakes,2
Economic cooperation,2
Educational psychology,2
Electric motors,2
Electronic funds transfer,2
Electronic tagging,2
Exclusive economic zone,2
Expert evidence,2
Export credit guarantees,2
Extracurricular activities,2
Eyesight,2
Fairgrounds,2
Financial procedure,2
Fixed-term parliaments,2
Flats,2
Food poisoning,2
Freedom of information,2
Gaming,2
Gaming machines,2
Genetically modified organisms,2
Gratuities,2
Ground rent,2
Guided weapons,2
Holidays,2
Hormone treatments,2
Households,2
Housing market,2
Housing stock,2
Industrial injuries scheme,2
Invalid vehicles,2
Investment income,2
Job security,2
Leave,2
Legislative competence,2
Life peers,2
Light dues,2
Lobbying,2
Long term unemployed people,2
Lost working days,2
Maiden speeches,2
Maps,2
Marriage certificates,2
Materials,2
Maternity leave,2
Meat products,2
Mentally disordered offenders,2
Metals,2
Ministerial statements,2
Money lenders,2
Monuments,2
Mortuaries,2
Motorcycles,2
National service,2
Naturalisation,2
Neurology,2
Nuclear reactors,2
Occupations,2
Official receiver,2
Offshore structures,2
Out-patients,2
Overseas investment,2
Package holidays,2
Paediatrics,2
Part-time education,2
Paternity leave,2
Patrol craft,2
Pedestrian crossings,2
Petitions,2
Physiotherapy,2
Pipelines,2
Plumbing,2
Poetry,2
Poisons,2
Police community support officers,2
Police deaths on duty,2
Politicians,2
Pop festivals,2
Power stations,2
Pressure vessels,2
Prison visitors,2
Private companies,2
Proceeds of crime,2
Proliferation,2
Public footpaths,2
Public order offences,2
Radar,2
Radiation exposure,2
Radioactive materials,2
Railway track,2
Rapid transit systems,2
Recreation spaces,2
Restraint equipment,2
Riot control weapons,2
Ritual slaughter,2
Robbery,2
Rules of procedure,2
Runaway children,2
School meals,2
Scientists,2
Scratch cards,2
Seating,2
Secondhand goods,2
Secondment,2
Secure accommodation,2
Separated people,2
Small claims,2
Social class,2
Social work,2
Soft drinks,2
Sonar,2
Spaceflight,2
Standing orders,2
Submarines,2
Suspended sentences,2
Takeovers,2
Tax collection,2
Teaching methods,2
Theatre,2
Tolls,2
Tour operators,2
Trade fairs,2
Trade union officials,2
Trams,2
Tyres,2
Vegetables,2
Vocational guidance,2
Voting behaviour,2
Wealth,2
Weedkillers,2
Orphan drugs,2
PÃ¢tÃ© de foie gras,2
Wolverhampton,2
Motor neurone disease,2
Bolton,2
Convention for the Prevention and Punishment of the Crime of Genocide,2
Local enterprise partnerships,2
UK Anti-doping,2
Astute class submarines,2
A1,2
Shrewsbury,2
Lost property,2
Thameslink railway line,2
New Forest,2
Hacking,2
Tourette's syndrome,2
Ecstasy,2
Oxygen,2
Type 26 frigates,2
M62,2
Defence Infrastructure Organisation,2
"Andrew, Stuart",2
"Blair, Tony",2
"Garel-Jones, Lord",2
"Graham of Edmonton, Lord",2
"Leadsom, Andrea",2
Speaker,2
"Wright of Richmond, Lord",2
Severn tunnel,2
Gatwick Express railway line,2
Warehouses,2
Parliamentary questions,2
Canal and River Trust,2
Veganism,2
University officer training corps,2
Thames estuary,2
Boxing,2
Mammals,2
Social Security and Child Support Tribunal,2
Dover Port,2
Trussell Trust,2
"Conflict, Stability and Security Fund",2
Wonga,2
Government Digital Service,2
National Fund,2
Paternity pay,2
Universities Superannuation Scheme,2
Clackmannanshire,2
Single Source Regulations Office,2
Greater Manchester Combined Authority,2
Neuromuscular disorders,2
Judicial Conduct Investigations Office,2
Service Complaints Ombudsman,2
Oil and Gas Authority,2
Better Care Fund,2
"100,000 Genomes Project",2
Access to Elected Office for Disabled People Fund,2
Plagiarism,2
"Osamor, Kate",2
Lymphoedema,2
Petitions Select Committee,2
Transport for the North,2
National Infrastructure Commission,2
Bedouin,2
Calais,2
Hedgehogs,2
Abscesses,2
UK Research and Innovation,2
Giant cell arteritis,2
Surgical mesh implants,2
M20,2
M56,2
"Asylum, Migration and Integration Fund",2
Service pupil premium,2
"Business, Energy and Industrial Strategy Select Committee",2
Moorland,2
Hyde Park Barracks,2
Social Work England,2
Controlling Migration Fund,2
Institute for Apprenticeships and Technical Education,2
"Palmer, Keith",2
Urgent treatment centres,2
Local Government and Social Care Ombudsman,2
UK Finance,2
Crayfish,2
Dublin regulations,2
Urinary tract infections,2
Trade Remedies Authority,2
Warrior armoured vehicle,2
"Johal, Jagtar Singh",2
Diffuse intrinsic pontine glioma,2
Slavery and trafficking reparation orders,2
Liothyronine,2
"bin Salman, Mohammed",2
Leamside railway line,2
Family hubs,2
Help to save scheme,2
Transforming Cities Fund,2
City deals,2
City region deals,2
Season tickets,2
Bovine Tuberculosis Strategy Review,2
School Exclusions Review,2
"Sharibu, Leah",2
Serious Violence Taskforce,2
Electronic signatures,2
Sirius Minerals,2
Strategic Trade Advisory Group,2
Comprehensive and Progressive Agreement for Trans-Pacific Partnership,2
Export Control Joint Unit,2
Special Envoy on Freedom of Religion or Belief,2
Bullying and Harassment of House of Commons Staff Independent Inquiry,2
"Building Better, Building Beautiful Commission",2
Learning Disabilities Mortality Review Programme,2
JPI Media,2
Metropolitan Police Service's Handling of Non-recent Sexual Offence Investigations Alleged against Persons of Public Prominence Independent Review,2
Banking Competition Remedies,2
Electric scooters,2
Busking,2
Virtual reality,2
"Symons, Luke",2
Hydroxychloroquine,2
Stronger Towns Fund,2
National Cancer Screening Programmes in England Review,2
"Al Saud, Turki bin Abdullah",2
Foetuses,2
"McCann, Joseph",2
Joint Authorities Cash Strategy Group,2
"Islamist Extremism in Prisons, Probation and Youth Justice Review",2
Persistent Organic Pollutants Convention,2
International Religious Freedom Alliance,2
Clean Steel Fund,2
Toddbrook reservoir,2
Bury Football Club,2
Independent Tribunal into Forced Organ Harvesting from Prisoners of Conscience in China,2
Compassionate leave,2
Domestic abuse protection orders,2
Domestic abuse protection notices,2
"Ashoori, Anoosheh",2
London North West University Healthcare NHS Trust,2
"Soleimani, Qassem",2
i Newspaper,2
Euro 2020,2
Specialist maths schools,2
Royal Birmingham Conservatoire,2
Electricians,2
Fulani,2
"Bezos, Jeff",2
Council of Reserve Forces and Cadets Associations,2
North West Recovery Task Force,2
Rhyl,2
Soaps,2
Oxford-Cambridge Arc,2
"Quinn, Paul",2
British Association for Cemeteries in South Asia,2
Club foot,2
Tarsal coalition,2
Pharmacy2U,2
Twins Trust,2
Perfluorooctanoic acid,2
Wagner Group,2
Offshore Wind Programme Board,2
DMRC Stanford Hall,2
HMS Repulse,2
"McArdle, Tony",2
North Staffordshire Engineering Group Training Association,2
Lydiate School,2
World Obesity Day,2
Toddbrook Reservoir Incident Independent Review,2
In-work Progression Commission,2
Joint State Threats Assessment Team,2
"Channon, Thomas",2
Armed forces welfare,2
Child support,2
Communicable diseases,2
Construction industry,2
EU enlargement,2
Housing standards,2
Legal aid,2
Media,2
"Oil, petrol and natural gas",2
Overseas territories,2
"Registration of births, deaths and marriages",2
Working age benefits,2
A39,1
A50,1
A56,1
Agressive systemic mastocytosis,1
"Aksu, Pinar",1
Alva Academy,1
Bathgate,1
Blawarthill Parish Church,1
Bollihope Common,1
British Embassy Guatemala City,1
Burnley Hospital,1
Business interruption loan scheme,1
Calvert,1
Camberwell,1
Canons Park,1
Carshalton Beeches Station,1
Chanix Millinery,1
Chase Farm Hospital,1
"Chen, Qiushi",1
Chester-Crewe railway line,1
Chester-Shrewsbury railway line,1
Chineham,1
Chloroquine,1
Clachan School,1
Clearview AI,1
"Cokanasiga, Ilaitia",1
Colorimetry,1
Congleton War Memorial Hospital,1
Coral Princess,1
Corstorphine,1
Covid Corporate Financing Facility,1
Crieff,1
Cupar,1
DXC Technology,1
Darus Salaam Mosque Southall,1
"Dempster, Reece",1
"Department for Environment, Food & Rural Affairs",1
Derby and Derbyshire Clinical Commissioning Group,1
Diamond Princess,1
Dore and Totley Station,1
Drumchapel,1
"Dzhakishev, Mukhtar",1
Earby,1
East Kilbride Rep Theatre Company,1
EuroPal Forum,1
European Conservatives Group,1
Excellence in Continence Care Board,1
Existing liabilities scheme,1
"Fang, Bin",1
Filton Airfield,1
Footasylum,1
Foyle Port,1
Furness Hospital,1
Future Relationship with the European Union Select Committee,1
Glasgow Afghan United,1
Glenfield Hospital,1
Grain and Sustain,1
"Gregg, Harry",1
Greyhound Trust,1
Gulf of Guinea,1
HMS Mersey,1
HMS Severn,1
HMS Tyne,1
"Hajdari, Besnik",1
"Hanson, Josh",1
"Hanson, Tracey",1
Hartlepool Foodbank,1
Hellifield,1
Hockey,1
Home for Good,1
Independent Community News Network,1
Interferon Alfa-2B,1
Interferon Alpha-2B,1
Ironbridge,1
Islamic State West Africa Province,1
Ladybank School,1
"Lai, Jimmy",1
Lancaster Royal Infirmary,1
Latin Patriarchate of Jerusalem,1
"Lee, Cheuk-yan",1
"Li, Zehua",1
Luton Station,1
M23,1
M606,1
MHI Vestas,1
MS Zaandam,1
"Magufuli, John",1
McManus Art Gallery and Museum,1
Men Matter Scotland,1
Merchant Navy Training Board,1
Middlewich,1
"Mubarak, Hosni",1
National Academy for Educational Leadership,1
New Homes Ombudsman,1
Newtownards Baptist Church,1
"O'Brien, Shane",1
"Obeng, Daniella",1
Old Oak Common Station,1
Oxenholme,1
Peckham Rye Station,1
Pelvic health clinics,1
Petrofac,1
Public Services Select Committee (HL),1
"Qiu, Xiangguo",1
Radnor House,1
Raigmore Hopsital,1
Raptor Persecution Priority Delivery Group,1
Research Integrity Committee,1
Restitution orders,1
Revenue and Custom,1
Rosslyn Chapel,1
Salbutamol,1
Self-catering accommodation,1
Shaadi.com,1
Siblings,1
"Silva,Shavendra",1
South Asian Network,1
Speaker's Chaplain,1
Sports centres,1
St Aidan's Foodbank,1
St Margarets School Airdrie,1
Stanmore,1
Steeple Claydon,1
Stockholm,1
Strathaven,1
Sunderland Station,1
Sunningdale Park,1
Sykes Holiday Cottages,1
Trade Remedies Investigations Directorate,1
UK Mission to the European Union,1
Uttoxeter,1
Vaccines Manufacturing and Innovation Centre,1
"Vennells, Paula",1
Vulcan aircraft,1
Wallington Station,1
Wood Green,1
"Yeung, Sum",1
Youth Accelerator Fund,1
ZCO,1
benefit rules,1
committee on arms export controls,1
Administration Select Committee,1
Adolescent and Children's Trust,1
African Development Fund,1
African Union,1
Agricultural Wages Board,1
Aldi Stores,1
Amey,1
Amnesty International,1
Asda,1
Association of Accounting Technicians,1
Australian Parliament,1
Balfour Beatty,1
Balliol College,1
Barnardo's,1
BBC Parliament,1
Bedfordshire Police,1
Bristol University,1
British Airways,1
British Council,1
British Petroleum,1
British Red Cross,1
British Society for Immunology,1
Accounting officers,1
Airwave service,1
Albania,1
Algeria,1
Amazonia,1
Anaemia,1
Annually managed expenditure,1
Armenia,1
Azerbaijan,1
Baltic States,1
Barnsley,1
Beaufort Dyke,1
Belize,1
Bermondsey and Old Southwark,1
Beverage containers,1
Bexley,1
Big Ben,1
Blackpool North and Cleveleys,1
Bolton North East,1
Botulinum toxin,1
Bradford,1
Brent,1
Bristol,1
British constitution,1
Buckingham,1
Burton,1
Camden,1
Carbon tax,1
Cardiff,1
Catalytic converters,1
Central Criminal Court,1
Chad,1
Channel Four,1
Cheshire,1
Child care vouchers,1
Child trust fund,1
Cholesterol,1
Chronic fatigue syndrome,1
Chronic obstructive pulmonary disease,1
Clinical negligence scheme,1
"Coatbridge, Chryston and Bellshill",1
Community interest companies,1
Coral reefs,1
Courier services,1
Crimea,1
Croydon North,1
Customs unions,1
Cystic fibrosis,1
Dalits,1
Dangerous dogs,1
Darfur,1
Darlington,1
Decision taking,1
Delhi,1
Derbyshire Dales,1
Direct payments,1
Disinfectants,1
Don Valley,1
Ealing,1
Earnings rules,1
East Anglia,1
East Lothian,1
East Renfrewshire,1
East Riding,1
Edinburgh West,1
Education maintenance allowance,1
El Salvador,1
Ellesmere Port and Neston,1
Enterprise capital funds,1
ERASMUS,1
Erith and Thamesmead,1
Ethiopia,1
EU emissions trading scheme,1
Euro,1
European Convention on Cinematographic Co-Production,1
Ex gratia payments,1
Fencing,1
Folkestone and Hythe,1
Football banning orders,1
Furs,1
Future large aircraft,1
Galileo system,1
Gardening leave,1
Glaucoma,1
Golan Heights,1
Guatemala,1
Guernsey,1
Guildford,1
Guinea,1
Gulf States,1
Hare coursing,1
Harrow West,1
Hartlepool,1
Hartlepool power station,1
Healthy start scheme,1
Heroin,1
Hillingdon,1
Hillsborough Castle Agreement,1
Honduras,1
Houghton and Sunderland South,1
House of Lords terrace,1
Identification,1
Ilford North,1
Ilois,1
Immunology,1
Implementing legislation,1
Income support,1
Inflammatory bowel disease,1
Information officers,1
Internet service providers,1
Ipswich,1
Irish language,1
Jersey,1
Kiribati,1
Landfill tax,1
Learndirect,1
Leeds Prison,1
Leukaemia,1
Liberia,1
Liechtenstein,1
Liquefied natural gas,1
Lobsters,1
Local air quality management,1
Local safeguarding children boards,1
Lochaber,1
M1,1
Madagascar,1
Managed service companies,1
Manchester Metrolink,1
Manchester United Football Club,1
Measles,1
Mediterranean region,1
Mid Wales,1
Milton Keynes,1
Ministers' private offices,1
Mobile radios,1
MOD St Athan,1
Montreal Protocol,1
Montserrat,1
Multiple sclerosis,1
Nagorno Karabakh,1
National curriculum tests,1
National identity,1
Nazi war crimes,1
Newcastle upon Tyne,1
Nimrod aircraft,1
Non-molestation orders,1
North Africa,1
North Devon,1
Nuclear Non-proliferation Treaty,1
Peak District National Park,1
Petroleum revenue tax,1
Pigmeat,1
Poland,1
Polaris,1
Poliomyelitis,1
Poplar and Limehouse,1
Portable antiquities scheme,1
Portugal,1
Press conferences,1
Producers' organisations,1
Public service obligations,1
RAF Finningley,1
Reading (Berkshire),1
Redbridge,1
Renewable heat incentive scheme,1
Research and development tax credit,1
Residency requirements,1
Resource accounting and budgeting,1
Right to buy scheme,1
RMS St Helena,1
Romania,1
Rutland,1
School fruit and vegetable scheme,1
Scots Gaelic language,1
Secure training centres,1
Sellafield,1
Sheep,1
Shetland,1
Slough,1
Sole traders,1
Solitary confinement,1
South Africa,1
South Asia,1
South Cambridgeshire,1
South East region,1
South West Bedfordshire,1
South West Hertfordshire,1
Southport,1
Soya beans,1
Srebrenica,1
St Albans,1
St Andrews Agreement,1
Stamp duties,1
Stockton on Tees,1
Swansea,1
Sweden,1
Swine flu,1
Tamils,1
Task forces,1
Thalidomide,1
Togo,1
Tottenham,1
Trade missions,1
Trans-European networks,1
Trawsfynydd power station,1
Treaty on the Functioning of the European Union,1
Tree preservation orders,1
Tuna,1
Uganda,1
Ulster Scots language,1
UN Convention on the Rights of Persons with Disabilities,1
UN Convention on the Rights of the Child,1
Uzbekistan,1
VAT zero rating,1
Venture capital,1
Vienna Convention on Consular Relations,1
Volatile organic compounds,1
Washing machines,1
Washington (Tyne and Wear),1
Waterloo Station,1
Weight limits,1
Welsh Consolidated Fund,1
West Dorset,1
Whales,1
Working tax credit,1
World Cup,1
World Expo,1
Wycombe,1
Xinjiang,1
British Telecom,1
Bryant and May,1
Building Research Establishment,1
Ecclesiastical Committee,1
Education Select Committee,1
Emmaus UK,1
Employment Appeal Tribunal,1
Enfield Borough Council,1
"Environment, Food and Rural Affairs Select Committee",1
Environmental Audit Select Committee,1
EY,1
EU Economic and Financial Affairs Council,1
EURATOM,1
Cambridge University,1
Carmarthenshire County Council,1
Chartered Institute of Taxation,1
Cheshire and Wirral Partnership NHS Foundation Trust,1
Chief Coroner,1
Chief Electoral Officer for Northern Ireland,1
Child Support Agency,1
Children's Society,1
Cleveland Police,1
Clydesdale Bank,1
Coal Authority,1
Coal Merchants Federation,1
Constitution Select Committee (HL),1
Consumer Council for Water,1
Church of Scotland,1
Churches Conservation Trust,1
HM Coastguard,1
HM Crown Prosecution Service Inspectorate,1
Home Affairs Select Committee,1
House of Commons Commission,1
House of Commons Library,1
House of Lords Appointments Commission,1
House of Lords Liaison Committee,1
House of Lords Library,1
Comet Group,1
European Committee for Standardization,1
Committee of Selection,1
Committee on Standards in Public Life,1
Costain Group,1
Commonwealth Games Federation,1
Companies House,1
Commonwealth Ministerial Action Group,1
Imperial College London,1
Independent Living Fund,1
Intelligence Services Commissioner,1
Interception of Communications Commissioner,1
Cross Country Trains,1
Crown Estate Commissioners,1
Danish Parliament,1
Defence Equipment and Support,1
Deloitte,1
Democratic Unionist Party,1
"Department for Culture, Media and Sport",1
Department of Energy and Climate Change,1
Department of Health,1
Disruptive Airline Passengers Working Group,1
Dudley Group NHS Foundation Trust,1
Durham County Council,1
East and North Hertfordshire NHS Trust,1
East Lancashire Hospitals NHS Trust,1
European Centre for Disease Prevention and Control,1
European Development Fund,1
European Economic and Social Committee,1
European Free Trade Association,1
Unified Patent Court,1
European Regional Development Fund,1
Fairtrade Foundation,1
Financial Action Task Force,1
Flooding Lessons Learned Review,1
Food and Agriculture Organisation,1
Football Association,1
Foreign Affairs Select Committee,1
French National Assembly,1
Frontex,1
G4S,1
G20,1
Hague Conference on Private International Law,1
Heritage Lottery Fund,1
Hertfordshire Constabulary,1
Highlands and Islands University,1
General Dental Council,1
General Optical Council,1
German Bundestag,1
Glasgow University,1
GMB,1
Government Actuary's Department,1
Granite,1
Great Eastern Railway,1
Greater London Authority,1
Greenpeace,1
International Development Association,1
International Development Select Committee,1
International Rescue Corps,1
International Science and Technology Centre,1
International Sea-Bed Authority,1
Irish National Parliament,1
Islamic Jihad,1
Sainsbury's,1
Joint Ministerial Committee,1
Joint Money Laundering Steering Group,1
Joint Nature Conservation Committee,1
UNAIDS,1
Justice Select Committee,1
Kent Police,1
Kent County Council,1
KPMG,1
Land Rover,1
Leasehold Advisory Service,1
Leeds City Region,1
Liberal Democrats,1
Liberal Party,1
Lidl,1
Lloyds of London,1
Local Government Boundary Commission for England,1
Lockheed Martin,1
London Ambulance Service,1
London Ambulance Service NHS Trust,1
London Ambulance Service Patients' Forum,1
London Stock Exchange,1
Luton and Dunstable University Hospital NHS Foundation Trust,1
Marine Climate Change Impacts Partnership,1
Morrisons,1
Muslim Brotherhood,1
National Air Traffic Services,1
National Archives,1
Medical Research Council,1
Met Office,1
Mid Staffordshire NHS Foundation Trust Independent Inquiry,1
Middlesex University,1
EU accession,1
EU common foreign and security policy,1
EU internal trade,1
EU justice and home affairs,1
Offshoring,1
Aberystwyth University,1
National Trust,1
National Union of Students,1
New Zealand Parliament,1
Nissan,1
North Tees and Hartlepool NHS Foundation Trust,1
Northern Rock,1
Northern Rock Asset Management,1
Nuffield Council on Bioethics,1
Office for Legal Complaints,1
Office of Rail Regulation,1
Office of Surveillance Commissioners,1
Office of the Schools Adjudicator,1
OPEC,1
Parades Commission,1
Pensions Advisory Service,1
Prisons and Probation Ombudsman,1
Privileges Select Committee,1
Public Accounts Commission,1
Public Accounts Committee,1
Public and Commercial Services Union,1
Public Appointments Commissioner,1
Rail Safety and Standards Board,1
Randox Laboratories,1
Regulatory Reform Select Committee,1
Royal Armouries,1
Royal Botanic Garden Edinburgh,1
Royal British Legion,1
Royal College of General Practitioners,1
Royal College of Speech and Language Therapists,1
Royal Opera House,1
Royal Town Planning Institute,1
Salvation Army,1
School of Oriental and African Studies,1
Science and Technology Select Committee,1
Society of Homeopaths,1
Society of Independent Brewers,1
Society of Motor Manufacturers and Traders,1
Sodexo,1
Scottish Law Commission,1
Sport England,1
South Wales Police,1
Serco,1
Skanska,1
Social Democratic and Labour Party,1
Social Democratic Party,1
Southall Black Sisters,1
Swedish Parliament,1
Teachers Pensions,1
Police Ombudsman for Northern Ireland,1
Telephone Preference Service,1
Tesco,1
Statutory Instruments Joint Select Committee,1
Thames Water,1
Transport Select Committee,1
UK Financial Investments,1
UK Homecare Association,1
UN Committee on the Elimination of Discrimination against Women,1
UN High Commissioner for Human Rights,1
UNESCO,1
United Learning Trust,1
Universities and Colleges Employers Association,1
Universities UK,1
University College London,1
US Central Intelligence Agency,1
Vehicle Certification Agency,1
Viridor,1
Waitrose,1
Warwick University,1
Work and Pensions Select Committee,1
World Food Programme,1
World Tourism Organisation,1
Youth Hostels Association,1
Acute beds,1
Agency nurses,1
Air conditioning,1
Air traffic,1
Alarms,1
Allotments,1
Ammunition,1
Ancillary staff,1
Anglicanism,1
Annuities,1
Antidumping duties,1
Antisubmarine warfare,1
Archaeology,1
Archives,1
Artillery,1
Arts festivals,1
Assaults on police,1
Audiences,1
Baha'i faith,1
Balance of payments,1
Balance of trade,1
Ballots,1
Betting,1
Bill of Rights,1
Biological weapons,1
Biomedical engineering,1
Biotechnology,1
Birth certificates,1
Bishops,1
Black economy,1
Blood transfusions,1
Body searches,1
Boilers,1
Bottles,1
Bridleways,1
Bus lanes,1
Camping sites,1
Capital allowances,1
Car sharing,1
Career breaks,1
Carers' benefits,1
Cathedrals,1
Ceremonies,1
Certification quality marks,1
Charitable trusts,1
Chemical and biological warfare,1
Chemical weapons,1
Children's play,1
Church services,1
Civil disorder,1
Civil list,1
Class sizes,1
Clearing banks,1
Cluster munitions,1
Coal fired power stations,1
Coastal erosion,1
Coinage,1
Committees,1
Community centres,1
Community health services,1
Community nurses,1
Community policing,1
Commuters,1
Company law,1
Concert halls,1
Confiscation orders,1
Containers,1
Continental shelf,1
Contract cleaning,1
County councils,1
County courts,1
Credit rating,1
Crimes against property,1
Currencies,1
Custodial treatment,1
Custody,1
Dance,1
Defamation,1
Dental health,1
Dentistry,1
Deterrence theory,1
Dictatorships,1
Diesel vehicles,1
Direct marketing,1
Dissolution,1
Distributive trade,1
District councils,1
Divorced people,1
Domestic service,1
Domestic waste,1
Droughts,1
Drunkenness,1
Ecclesiastical law,1
Economic regions,1
Economics,1
Election observers,1
Electric cables,1
Electronic warfare,1
Emblems,1
Emigration,1
Excavation,1
Exhibitions,1
Explanatory notes,1
Exploration,1
Explosives,1
Facsimile transmission,1
Fascism,1
Fathers,1
Fire extinguishers,1
First offenders,1
Forced marriage,1
Foreign investment,1
Forensic science,1
Former ministers,1
Free movement of capital,1
Furnaces,1
Generalised system of preferences,1
Generic prescribing,1
Gifts and endowments,1
Government guaranteed credit,1
Government shareholding,1
Grammar schools,1
Grievance procedures,1
Ground water,1
Hazards,1
Heads of state,1
Helmets,1
Hire services,1
Holiday leave,1
Houseboats,1
Human embryo experiments,1
Hybrid bills,1
Immunity from prosecution,1
Independence movements,1
Industrial accidents,1
Industrial estates,1
Information services,1
Inhuman treatment,1
International relations,1
International transport,1
Job satisfaction,1
Joint exercises,1
Joint select committees,1
Law centres,1
Leaflets,1
Leasing,1
Legal systems,1
Legislative consent motions,1
Lifts,1
Livestock industry,1
Locums,1
Lords amendments,1
Low flying,1
Maladministration,1
Manufactured goods,1
Marines,1
Married quarters,1
Mature students,1
Meals on wheels,1
Measurement,1
Members' interests,1
Members' staff,1
Mental capacity,1
Psychiatric patients,1
Microbiology,1
Miscarriage,1
Missing persons,1
Motor vehicle type approval,1
Motorway service areas,1
Mugging,1
Natural disasters,1
Neonatal mortality,1
New towns,1
New towns development corporations,1
Newsagents,1
NHS foundation trusts,1
Notifiable diseases,1
Nuclear physics,1
Official cars,1
Official hospitality,1
Official residences,1
Open ended investment companies,1
Open prisons,1
Opposition,1
Orchestras,1
Ordination,1
Orthopaedics,1
Overseas residence,1
Pairing,1
Paper,1
Parades,1
Paralysis,1
Parks,1
Parliamentary private secretaries,1
Peace,1
Peers' introduction,1
Photography,1
Planning authorities,1
Playgrounds,1
Plea bargaining,1
Pollutants,1
Powers of entry,1
Prayer,1
Prerogative of mercy,1
Prime ministers,1
Private life,1
Private patients,1
Private roads,1
Privatisation,1
Processed food,1
Professional organisations,1
Professions,1
Propaganda,1
Property searches,1
Property transfer,1
Prosthetics,1
Prostitution,1
Public records,1
Questionnaires,1
Radiation,1
Radioactive waste,1
Railway signals,1
Rain forests,1
Rationing,1
Ratios,1
Raw materials,1
Rebates,1
Redundant churches,1
Refrigeration,1
Repossession orders,1
Reserves,1
Residues,1
Right of search,1
Rights of way,1
Robots,1
Sale of goods law,1
Sales methods,1
Satellites,1
Scholarships,1
Self-regulation,1
Shareholders,1
Side effects,1
Speaker's certificates,1
Spoil heaps,1
Squatting,1
Standard of living,1
Standardisation,1
Standards specifications,1
Stationery,1
Stock market,1
Stress,1
Student unions,1
Summertime,1
Sunday trading,1
Telephones,1
Temperature,1
Tenure,1
Textiles,1
Theology,1
Time zones,1
Trading funds,1
Traffic lights,1
Trailers,1
Train operating companies,1
Treasure trove,1
Unit trusts,1
Urban development corporations,1
Urology,1
Vacant land,1
Vegetarianism,1
Ventilation,1
Vitamins,1
Walls and fences,1
War graves,1
War memorials,1
Water power,1
Wells,1
Widowed people,1
Wills,1
Young offender institutions,1
Youth custody,1
Youth justice,1
Zoos,1
West Midlands Police,1
OSPAR Convention,1
Ottawa Convention,1
Oxford East,1
Oxfordshire,1
Papua,1
Ynys MÃ´n,1
Youth offending teams,1
Office for Civil Society,1
Defibrillators,1
Mumps,1
Green Investment Bank,1
Independent Public Service Pensions Commission,1
British Horseracing Authority,1
Financial Policy Committee,1
Strategic Defence and Security Review,1
Crop spraying,1
Gift aid,1
Westminster Hall sittings,1
EU social policy,1
Easter,1
Respite care,1
Leave of absence,1
Police cautions,1
Hay fever,1
Greyhounds,1
Greyhound racing,1
Gliding,1
Iranian Revolutionary Guard Corps,1
Hip replacements,1
Wirral,1
Tees Valley,1
"Litvinenko, Alexander",1
Rosyth Dockyard,1
Devonport Dockyard,1
Kirklees,1
Big Society Capital,1
Duchy of Lancaster,1
M40,1
Birds of prey,1
Office for Nuclear Regulation,1
Rural development programme,1
Type 45 destroyers,1
Regional Growth Fund,1
M5,1
HM Courts and Tribunals Service,1
Parachute Regiment,1
Knee replacements,1
Health Education England,1
"Bellingham, Henry",1
"Berry, Jake",1
"Blackburn, Bishop",1
"Brookman, Lord",1
"Fox, Liam",1
"Mills, Nigel",1
"Oakeshott of Seagrove Bay, Lord",1
"Pritchard, Mark",1
"Selborne, Earl",1
"Sheldon, Lord",1
"Steel of Aikwood, Lord",1
"True, Lord",1
"Walker, Charles",1
Prison governors,1
Career development loans,1
A34,1
Crewe-Holyhead railway line,1
Cross country railway line,1
Midland main railway line,1
Oxford-Hereford railway line,1
Tyne and Wear Metro,1
Community transport,1
Mayoral development corporations,1
16-19 Bursary Fund,1
Chequers,1
Sovereign grant,1
Calderdale,1
Tonnage tax,1
Testicular cancer,1
ATOL,1
Bills,1
Statements,1
UK Asset Resolution,1
"Culture, Practices and Ethics of the Press Inquiry",1
Childcare,1
Household Cavalry,1
Committee proceedings,1
Transport and Works Act orders,1
Business Angel Co-investment Fund,1
Disclosure and Barring Service,1
Police ICT Company,1
Slate,1
Learning Records Service,1
Surveillance Camera Commissioner,1
Government Procurement Service,1
Union Learning Fund,1
Marine protected areas,1
Greater Cambridge Greater Peterborough Enterprise Partnership,1
Sobriety orders,1
Hillingdon Hospitals NHS Foundation Trust,1
Telemedicine,1
Standards Select Committee,1
Basketball,1
Defence Discount Service,1
Alternative education,1
Catering and Retail Services (HL),1
South Western Ambulance Service NHS Foundation Trust,1
Change of use,1
Palm oil,1
Daniel Morgan Independent Panel,1
Hacked Off,1
General Anti-abuse Rule Advisory Panel,1
Community land trusts,1
Baringa Partners,1
Army Reserve,1
"Francis I, Pope",1
Twitter,1
Bitcoin,1
Driver and Vehicle Standards Agency,1
Kidney diseases,1
Reading Prison,1
Payment Systems Regulator,1
West Midlands Police and Crime Commissioner,1
Enterprise investment scheme,1
Seed enterprise investment scheme,1
International Holocaust Remembrance Alliance,1
Magnox,1
United Kingdom without Incineration Network,1
Industrial Strategy Council,1
Castes,1
Norton Motorcycles,1
Innovate UK,1
Crossrail 2 line,1
Smart Data Communications Company,1
Independent Anti-slavery Commissioner,1
Temporary exclusion orders,1
Endometriosis,1
EU battlegroups,1
Maintained schools,1
HMS Vanguard,1
Barts Health NHS Trust,1
Press Recognition Panel,1
Public Administration and Constitutional Affairs Select Committee,1
Women and Equalities Select Committee,1
Cerberus Capital Management,1
Polish language,1
Victim personal statements,1
Mefloquine,1
Norman Shaw buildings,1
Urdu,1
"Rajab, Nabeel",1
Welsh Extremism and Counter Terrorism Unit,1
Airbnb,1
Office of Rail and Road,1
"McCann, Madeleine",1
Warfarin,1
Transphobia,1
Swansea Bay,1
Nabiximols,1
UN Support Mission in Libya,1
Optum,1
National Police Chiefs' Council,1
"al-Singace, Abduljalil Abdulla",1
Atrial fibrillation,1
Assistance animals,1
Bus service operators grant,1
Acute oak decline,1
"Mushaima, Hassan",1
Consumer Protection Measures in the Ticket Resale Market Review,1
Driverless vehicles,1
Female genital mutilation protection orders,1
Historic England,1
"Fury, Tyson",1
Co-operative and community benefit societies,1
Thames flood barrier,1
Gonorrhoea,1
Independent Office for Police Conduct,1
CarillionAmey,1
Prosperity Fund,1
Whirlpool Corporation,1
Renewable fuels,1
Comprehensive Economic and Trade Agreement,1
Misoprostol,1
Wakefield Prison,1
Mandarin language,1
Sharia Law Independent Review,1
Woodford Investment Management,1
Microplastics,1
North Middlesex Hospital,1
Research and development expenditure credit,1
Muscular Dystrophy UK,1
Bakeries,1
NHS Shared Business Services,1
Personal budgets,1
Nuisance calls,1
Epidermolysis bullosa,1
Naloxone,1
Shingles,1
National Cremation Working Group,1
Nursing associates,1
Lewes-Uckfield railway line,1
"Courts, Robert",1
Cannabidiol,1
Development consent orders,1
International Trade Select Committee,1
Swansea Bay City Region,1
Horizon 2020,1
Model aircraft,1
Sheffield-Rotherham tram-train pilot scheme,1
Healthcare assistants,1
National Action,1
Cambridgeshire and Peterborough Combined Authority,1
Prevent Oversight Board,1
Preston-Colne railway line,1
"Police, fire and crime commissioners",1
Associated Board of the Royal Schools of Music,1
Garden communities,1
Independent Advisory Group on Country Information,1
Scottish Retail Consortium,1
JD Sports,1
"Alwadaei, Sayed",1
Mansfield and Ashfield Clinical Commissioning Group,1
Heathrow Airport Holdings,1
"Mansoor, Ahmed",1
Education and Skills Funding Agency,1
Sheffield City Region,1
Unexplained wealth orders,1
"Docherty, Leo",1
"Lopez, Julia",1
"Lewer, Andrew",1
"Rowley, Lee",1
Modern Working Practices Review,1
"Al-Sayegh, Ebtisam",1
Ocean Conference,1
Running,1
Smart devices,1
"Eser, Idil",1
Lakes railway line,1
Beetles,1
Bengali language,1
National insurance credits,1
Cryptocurrencies,1
Monarch Airlines,1
South Western Railway,1
UK-US Trade and Investment Working Group,1
"Digital, Culture, Media and Sport Select Committee",1
England infected blood support scheme,1
University Hospitals of North Midlands NHS Trust,1
Jo Cox Commission on Loneliness,1
Solent,1
Sustainability and transformation partnerships,1
FARC,1
Music therapy,1
BBC Persian service,1
Maritime Labour Convention,1
Smoke control areas,1
UK-India Joint Economic and Trade Committee,1
"bin Haydara, Hamed",1
Levothyroxine,1
Sapropterin,1
Bracken,1
"Hart, Averil",1
Phenylketonuria,1
Health and Social Care Select Committee,1
"Housing, Communities and Local Government Select Committee",1
Thames Estuary 2050 Growth Commission,1
"Hassan, Hajer Mansoor",1
Gemalto,1
South Wales Metro,1
Arms Trade Treaty,1
"Gui, Minhai",1
Ribble Valley railway line,1
"Yousif, Najah Ahmed",1
Teaching Excellence Framework Independent Review,1
English Football League,1
Mayor of the West Midlands,1
Future Telecoms Infrastructure Review,1
"al-Wadaei, Sayad Nazar",1
"Albarboori, Zakeya",1
National Memorial Arboretum,1
European reference networks,1
"Jarrar, Khalida",1
"KÄ±lÄ±Ã§, Taner",1
Pentonville Prison,1
Cryptoassets Taskforce,1
Modern Slavery Act 2015 Independent Review,1
Citizens' juries,1
Opportunity North East,1
Parachuting,1
Felixstowe Port,1
UK Safer Internet Centre,1
Pre-eclampsia,1
Armed Forces Covenant Fund Trust,1
Government Procurement Agreement,1
Residential women's centres,1
"Whelan, Paul",1
Energy drinks,1
Haemochromatosis,1
Metaldehyde,1
Harrow Clinical Commissioning Group,1
"Wang, Yi",1
"Jiang, Rong",1
Telecoms Supply Chain Review,1
London Capital and Finance,1
Bridgeton Burns Club,1
"Liu, Feiyue",1
"Wang, Quanzhang",1
HMS Clyde,1
Catheters,1
Pastoral care,1
Public,1
Female Entrepreneurship Review,1
Aquaculture,1
World Book Day,1
Period Poverty Task Force,1
Airline Insolvency Review,1
Instagram,1
Social prescribing,1
Redhill-Tonbridge railway line,1
Whorlton Hall Hospital,1
"El-Haddad, Gehad",1
"El-Haddad, Essam",1
Vulture funds,1
Roma Holocaust Memorial Day,1
Representative money,1
UK Council for Psychotherapy,1
Centre of Excellence for Human Security,1
H2O Asset Management,1
Technical Alternative Arrangements Advisory Group,1
Business and Trade Union Alternative Arrangements Advisory Group,1
Office for Tackling Injustices,1
Global Resource Initiative Taskforce,1
Frontier workers,1
3D printing,1
Abercorn Barracks,1
Malvern Hills Trust,1
Freeports Advisory Panel,1
Glasgow Girls Football Club,1
Sub-letting,1
European Institute of Human Sciences,1
Niraparib,1
Border Delivery Group,1
Communications and Digital Select Committee (HL),1
"Astor, Nancy",1
"Bristow, Paul",1
Cheltenham Hospital,1
"Cox, Brian",1
Aid workers,1
Portia Management Services,1
Deed poll,1
Eden Court,1
East Kent Housing,1
Prevent Independent Review,1
"dos Santos, Isabel",1
Colistin,1
World Wide Web Foundation,1
College Financial Monitoring Review,1
"Cooper, Tom",1
Levomepromazine,1
Fleetwood-Poulton railway line,1
"Graham, Errol",1
Trichomoniasis,1
Mycoplasma genitalium,1
Digital service providers,1
Oswestry-Gobowen railway line,1
"Ashington, Blyth and Tyne railway line",1
Right Management,1
"Macartney, Sam",1
Hammer toe,1
Feilding Palmer Hospital Lutterworth,1
"Asfari, Ayman",1
"Mufti, Mehbooba",1
"Abdullah, Omar",1
Cool FM,1
Barrhead Baby Cafe,1
Air Charter Association,1
University Hospital of Hartlepool,1
Global Wind Organisation,1
Independent Monitoring Authority for the Citizens' Rights Agreements,1
Wallem Group,1
Daviot School Inverness,1
Optic atrophy,1
Vertical talus,1
Cleft palate,1
Broxburn Athletic Football Club,1
Centre for International Competitiveness,1
Alternative for Germany,1
"Mongan, Bernard",1
"MacGregor, Judith",1
China clay,1
"Shahlai, Abdul Reza",1
HMS Trenchant,1
"Hillas, Tricia",1
Cowley Branch railway line,1
Flakka,1
Munich Security Conference,1
Tomato brown rugose fruit virus,1
"McMullen, William",1
"TÃ¼ylÃ¼oÄlu, GÃ¶kÃ§e",1
Transparency Working Group,1
Negative ion products,1
Operation Encompass,1
Kingsbarns Distillery,1
Hulu,1
GB Group,1
Biopanda Reagents,1
Photographic Reconnaissance Unit,1
Grand Princess,1
Southampton Airport,1
"Masih, Saleem",1
Chatterley Whitfield colliery,1
"Kettles, Calum",1
"Harrison, Tony",1
International Bagpipe Day,1
Australasia,1
Benefits administration,1
Civil Service,1
Election results : UK,1
EU Council of Ministers,1
European Council,1
Flooding,1
Land law,1
North America,1
Security industry,1
Sex discrimination,1
Water industry,1